-- phpMyAdmin SQL Dump
-- version 5.2.1
-- https://www.phpmyadmin.net/
--
-- Máy chủ: 127.0.0.1
-- Thời gian đã tạo: Th4 05, 2026 lúc 06:18 PM
-- Phiên bản máy phục vụ: 10.4.32-MariaDB
-- Phiên bản PHP: 8.2.12

SET SQL_MODE = "NO_AUTO_VALUE_ON_ZERO";
START TRANSACTION;
SET time_zone = "+00:00";


/*!40101 SET @OLD_CHARACTER_SET_CLIENT=@@CHARACTER_SET_CLIENT */;
/*!40101 SET @OLD_CHARACTER_SET_RESULTS=@@CHARACTER_SET_RESULTS */;
/*!40101 SET @OLD_COLLATION_CONNECTION=@@COLLATION_CONNECTION */;
/*!40101 SET NAMES utf8mb4 */;

--
-- Cơ sở dữ liệu: `rapchieuphim`
--

-- --------------------------------------------------------

--
-- Cấu trúc bảng cho bảng `chi_tiet_hoa_don_sp`
--

CREATE TABLE `chi_tiet_hoa_don_sp` (
  `ma_ct` int(11) NOT NULL,
  `ma_hd` int(11) NOT NULL,
  `ma_sp` int(11) NOT NULL,
  `so_luong` int(11) NOT NULL,
  `don_gia` decimal(10,2) NOT NULL
) ENGINE=InnoDB DEFAULT CHARSET=utf8mb4 COLLATE=utf8mb4_general_ci;

--
-- Đang đổ dữ liệu cho bảng `chi_tiet_hoa_don_sp`
--

INSERT INTO `chi_tiet_hoa_don_sp` (`ma_ct`, `ma_hd`, `ma_sp`, `so_luong`, `don_gia`) VALUES
(1, 1, 1, 1, 65000.00),
(2, 2, 4, 1, 85000.00);

-- --------------------------------------------------------

--
-- Cấu trúc bảng cho bảng `ghe`
--

CREATE TABLE `ghe` (
  `ma_ghe` int(11) NOT NULL,
  `ma_phong` int(11) NOT NULL,
  `hang` varchar(5) DEFAULT NULL,
  `cot` int(11) DEFAULT NULL,
  `so_ghe` varchar(10) NOT NULL,
  `loai_ghe` enum('STANDARD','VIP','SWEETBOX') DEFAULT 'STANDARD',
  `trang_thai` enum('Hoạt động','Bảo trì','Không họat động','Khóa') DEFAULT 'Hoạt động',
  `has_aisle` tinyint(1) DEFAULT 0,
  `has_aisle_horizontal` tinyint(1) DEFAULT 0
) ENGINE=InnoDB DEFAULT CHARSET=utf8mb4 COLLATE=utf8mb4_general_ci;

--
-- Đang đổ dữ liệu cho bảng `ghe`
--

INSERT INTO `ghe` (`ma_ghe`, `ma_phong`, `hang`, `cot`, `so_ghe`, `loai_ghe`, `trang_thai`, `has_aisle`, `has_aisle_horizontal`) VALUES
(844, 102, 'A', 1, 'A1', 'STANDARD', 'Hoạt động', 0, 0),
(845, 102, 'A', 2, 'A2', 'STANDARD', 'Hoạt động', 0, 0),
(846, 102, 'A', 3, 'A3', 'STANDARD', 'Hoạt động', 0, 0),
(847, 102, 'A', 4, 'A4', 'STANDARD', 'Hoạt động', 0, 0),
(848, 102, 'A', 5, 'A5', 'STANDARD', 'Hoạt động', 1, 0),
(849, 102, 'A', 6, 'A6', 'STANDARD', 'Hoạt động', 0, 0),
(850, 102, 'A', 7, 'A7', 'STANDARD', 'Hoạt động', 0, 0),
(851, 102, 'A', 8, 'A8', 'STANDARD', 'Hoạt động', 0, 0),
(852, 102, 'A', 9, 'A9', 'STANDARD', 'Hoạt động', 0, 0),
(853, 102, 'A', 10, 'A10', 'STANDARD', 'Hoạt động', 0, 0),
(854, 102, 'B', 1, 'B1', 'STANDARD', 'Hoạt động', 0, 0),
(855, 102, 'B', 2, 'B2', 'STANDARD', 'Hoạt động', 0, 0),
(856, 102, 'B', 3, 'B3', 'STANDARD', 'Hoạt động', 0, 0),
(857, 102, 'B', 4, 'B4', 'STANDARD', 'Hoạt động', 0, 0),
(858, 102, 'B', 5, 'B5', 'STANDARD', 'Hoạt động', 1, 0),
(859, 102, 'B', 6, 'B6', 'STANDARD', 'Hoạt động', 0, 0),
(860, 102, 'B', 7, 'B7', 'STANDARD', 'Hoạt động', 0, 0),
(861, 102, 'B', 8, 'B8', 'STANDARD', 'Hoạt động', 0, 0),
(862, 102, 'B', 9, 'B9', 'STANDARD', 'Hoạt động', 0, 0),
(863, 102, 'B', 10, 'B10', 'STANDARD', 'Hoạt động', 0, 0),
(864, 102, 'C', 1, 'C1', 'STANDARD', 'Hoạt động', 0, 0),
(865, 102, 'C', 2, 'C2', 'STANDARD', 'Hoạt động', 0, 0),
(866, 102, 'C', 3, 'C3', 'STANDARD', 'Hoạt động', 0, 0),
(867, 102, 'C', 4, 'C4', 'STANDARD', 'Hoạt động', 0, 0),
(868, 102, 'C', 5, 'C5', 'STANDARD', 'Hoạt động', 1, 0),
(869, 102, 'C', 6, 'C6', 'STANDARD', 'Hoạt động', 0, 0),
(870, 102, 'C', 7, 'C7', 'STANDARD', 'Hoạt động', 0, 0),
(871, 102, 'C', 8, 'C8', 'STANDARD', 'Hoạt động', 0, 0),
(872, 102, 'C', 9, 'C9', 'STANDARD', 'Hoạt động', 0, 0),
(873, 102, 'C', 10, 'C10', 'STANDARD', 'Hoạt động', 0, 0),
(874, 102, 'D', 1, 'D1', 'STANDARD', 'Hoạt động', 0, 1),
(875, 102, 'D', 2, 'D2', 'STANDARD', 'Hoạt động', 0, 1),
(876, 102, 'D', 3, 'D3', 'STANDARD', 'Hoạt động', 0, 1),
(877, 102, 'D', 4, 'D4', 'STANDARD', 'Hoạt động', 0, 1),
(878, 102, 'D', 5, 'D5', 'STANDARD', 'Hoạt động', 1, 1),
(879, 102, 'D', 6, 'D6', 'STANDARD', 'Hoạt động', 0, 1),
(880, 102, 'D', 7, 'D7', 'STANDARD', 'Hoạt động', 0, 1),
(881, 102, 'D', 8, 'D8', 'STANDARD', 'Hoạt động', 0, 1),
(882, 102, 'D', 9, 'D9', 'STANDARD', 'Hoạt động', 0, 1),
(883, 102, 'D', 10, 'D10', 'STANDARD', 'Hoạt động', 0, 1),
(884, 102, 'E', 1, 'E1', 'VIP', 'Hoạt động', 0, 0),
(885, 102, 'E', 2, 'E2', 'VIP', 'Hoạt động', 0, 0),
(886, 102, 'E', 3, 'E3', 'VIP', 'Hoạt động', 0, 0),
(887, 102, 'E', 4, 'E4', 'VIP', 'Hoạt động', 0, 0),
(888, 102, 'E', 5, 'E5', 'VIP', 'Hoạt động', 1, 0),
(889, 102, 'E', 6, 'E6', 'VIP', 'Hoạt động', 0, 0),
(890, 102, 'E', 7, 'E7', 'VIP', 'Hoạt động', 0, 0),
(891, 102, 'E', 8, 'E8', 'VIP', 'Hoạt động', 0, 0),
(892, 102, 'E', 9, 'E9', 'VIP', 'Hoạt động', 0, 0),
(893, 102, 'E', 10, 'E10', 'VIP', 'Hoạt động', 0, 0),
(894, 102, 'F', 1, 'F1', 'VIP', 'Hoạt động', 0, 0),
(895, 102, 'F', 2, 'F2', 'VIP', 'Hoạt động', 0, 0),
(896, 102, 'F', 3, 'F3', 'VIP', 'Hoạt động', 0, 0),
(897, 102, 'F', 4, 'F4', 'VIP', 'Hoạt động', 0, 0),
(898, 102, 'F', 5, 'F5', 'VIP', 'Hoạt động', 1, 0),
(899, 102, 'F', 6, 'F6', 'VIP', 'Hoạt động', 0, 0),
(900, 102, 'F', 7, 'F7', 'VIP', 'Hoạt động', 0, 0),
(901, 102, 'F', 8, 'F8', 'VIP', 'Hoạt động', 0, 0),
(902, 102, 'F', 9, 'F9', 'VIP', 'Hoạt động', 0, 0),
(903, 102, 'F', 10, 'F10', 'VIP', 'Hoạt động', 0, 0),
(904, 102, 'G', 1, 'G1', 'VIP', 'Hoạt động', 0, 0),
(905, 102, 'G', 2, 'G2', 'VIP', 'Hoạt động', 0, 0),
(906, 102, 'G', 3, 'G3', 'VIP', 'Hoạt động', 0, 0),
(907, 102, 'G', 4, 'G4', 'VIP', 'Hoạt động', 0, 0),
(908, 102, 'G', 5, 'G5', 'VIP', 'Hoạt động', 1, 0),
(909, 102, 'G', 6, 'G6', 'VIP', 'Hoạt động', 0, 0),
(910, 102, 'G', 7, 'G7', 'VIP', 'Hoạt động', 0, 0),
(911, 102, 'G', 8, 'G8', 'VIP', 'Hoạt động', 0, 0),
(912, 102, 'G', 9, 'G9', 'VIP', 'Hoạt động', 0, 0),
(913, 102, 'G', 10, 'G10', 'VIP', 'Hoạt động', 0, 0),
(914, 102, 'H', 1, 'H1', 'VIP', 'Hoạt động', 0, 0),
(915, 102, 'H', 2, 'H2', 'VIP', 'Hoạt động', 0, 0),
(916, 102, 'H', 3, 'H3', 'VIP', 'Hoạt động', 0, 0),
(917, 102, 'H', 4, 'H4', 'VIP', 'Hoạt động', 0, 0),
(918, 102, 'H', 5, 'H5', 'VIP', 'Hoạt động', 1, 0),
(919, 102, 'H', 6, 'H6', 'VIP', 'Hoạt động', 0, 0),
(920, 102, 'H', 7, 'H7', 'VIP', 'Hoạt động', 0, 0),
(921, 102, 'H', 8, 'H8', 'VIP', 'Hoạt động', 0, 0),
(922, 102, 'H', 9, 'H9', 'VIP', 'Hoạt động', 0, 0),
(923, 102, 'H', 10, 'H10', 'VIP', 'Hoạt động', 0, 0),
(924, 102, 'I', 1, 'I1', 'VIP', 'Hoạt động', 0, 0),
(925, 102, 'I', 2, 'I2', 'VIP', 'Hoạt động', 0, 0),
(926, 102, 'I', 3, 'I3', 'VIP', 'Hoạt động', 0, 0),
(927, 102, 'I', 4, 'I4', 'VIP', 'Hoạt động', 0, 0),
(928, 102, 'I', 5, 'I5', 'VIP', 'Hoạt động', 1, 0),
(929, 102, 'I', 6, 'I6', 'VIP', 'Hoạt động', 0, 0),
(930, 102, 'I', 7, 'I7', 'VIP', 'Hoạt động', 0, 0),
(931, 102, 'I', 8, 'I8', 'VIP', 'Hoạt động', 0, 0),
(932, 102, 'I', 9, 'I9', 'VIP', 'Hoạt động', 0, 0),
(933, 102, 'I', 10, 'I10', 'VIP', 'Hoạt động', 0, 0),
(934, 102, 'J', 1, 'J1', 'VIP', 'Hoạt động', 0, 0),
(935, 102, 'J', 2, 'J2', 'VIP', 'Hoạt động', 0, 0),
(936, 102, 'J', 3, 'J3', 'VIP', 'Hoạt động', 0, 0),
(937, 102, 'J', 4, 'J4', 'VIP', 'Hoạt động', 0, 0),
(938, 102, 'J', 5, 'J5', 'VIP', 'Hoạt động', 1, 0),
(939, 102, 'J', 6, 'J6', 'VIP', 'Hoạt động', 0, 0),
(940, 102, 'J', 7, 'J7', 'VIP', 'Hoạt động', 0, 0),
(941, 102, 'J', 8, 'J8', 'VIP', 'Hoạt động', 0, 0),
(942, 102, 'J', 9, 'J9', 'VIP', 'Hoạt động', 0, 0),
(943, 102, 'J', 10, 'J10', 'VIP', 'Hoạt động', 0, 0),
(944, 102, 'K', 1, 'K1', 'VIP', 'Hoạt động', 0, 0),
(945, 102, 'K', 2, 'K2', 'VIP', 'Hoạt động', 0, 0),
(946, 102, 'K', 3, 'K3', 'VIP', 'Hoạt động', 0, 0),
(947, 102, 'K', 4, 'K4', 'VIP', 'Hoạt động', 0, 0),
(948, 102, 'K', 5, 'K5', 'VIP', 'Hoạt động', 1, 0),
(949, 102, 'K', 6, 'K6', 'VIP', 'Hoạt động', 0, 0),
(950, 102, 'K', 7, 'K7', 'VIP', 'Hoạt động', 0, 0),
(951, 102, 'K', 8, 'K8', 'VIP', 'Hoạt động', 0, 0),
(952, 102, 'K', 9, 'K9', 'VIP', 'Hoạt động', 0, 0),
(953, 102, 'K', 10, 'K10', 'VIP', 'Hoạt động', 0, 0),
(954, 102, 'L', 1, 'L1', 'VIP', 'Hoạt động', 0, 0),
(955, 102, 'L', 2, 'L2', 'VIP', 'Hoạt động', 0, 0),
(956, 102, 'L', 3, 'L3', 'VIP', 'Hoạt động', 0, 0),
(957, 102, 'L', 4, 'L4', 'VIP', 'Hoạt động', 0, 0),
(958, 102, 'L', 5, 'L5', 'VIP', 'Hoạt động', 1, 0),
(959, 102, 'L', 6, 'L6', 'VIP', 'Hoạt động', 0, 0),
(960, 102, 'L', 7, 'L7', 'VIP', 'Hoạt động', 0, 0),
(961, 102, 'L', 8, 'L8', 'VIP', 'Hoạt động', 0, 0),
(962, 102, 'L', 9, 'L9', 'VIP', 'Hoạt động', 0, 0),
(963, 102, 'L', 10, 'L10', 'VIP', 'Hoạt động', 0, 0),
(964, 102, 'M', 1, 'M1', 'VIP', 'Hoạt động', 0, 0),
(965, 102, 'M', 2, 'M2', 'VIP', 'Hoạt động', 0, 0),
(966, 102, 'M', 3, 'M3', 'VIP', 'Hoạt động', 0, 0),
(967, 102, 'M', 4, 'M4', 'VIP', 'Hoạt động', 0, 0),
(968, 102, 'M', 5, 'M5', 'VIP', 'Hoạt động', 1, 0),
(969, 102, 'M', 6, 'M6', 'VIP', 'Hoạt động', 0, 0),
(970, 102, 'M', 7, 'M7', 'VIP', 'Hoạt động', 0, 0),
(971, 102, 'M', 8, 'M8', 'VIP', 'Hoạt động', 0, 0),
(972, 102, 'M', 9, 'M9', 'VIP', 'Hoạt động', 0, 0),
(973, 102, 'M', 10, 'M10', 'VIP', 'Hoạt động', 0, 0),
(974, 102, 'N', 1, 'N1', 'SWEETBOX', 'Hoạt động', 0, 0),
(975, 102, 'N', 2, 'N2', 'SWEETBOX', 'Hoạt động', 0, 0),
(976, 102, 'N', 3, 'N3', 'SWEETBOX', 'Hoạt động', 0, 0),
(977, 102, 'N', 4, 'N4', 'SWEETBOX', 'Hoạt động', 0, 0),
(978, 102, 'N', 5, 'N5', 'SWEETBOX', 'Hoạt động', 1, 0),
(979, 102, 'N', 6, 'N6', 'SWEETBOX', 'Hoạt động', 0, 0),
(980, 102, 'N', 7, 'N7', 'SWEETBOX', 'Hoạt động', 0, 0),
(981, 102, 'N', 8, 'N8', 'SWEETBOX', 'Hoạt động', 0, 0),
(982, 102, 'N', 9, 'N9', 'SWEETBOX', 'Hoạt động', 0, 0),
(983, 102, 'N', 10, 'N10', 'SWEETBOX', 'Hoạt động', 0, 0),
(984, 102, 'O', 1, 'O1', 'SWEETBOX', 'Hoạt động', 0, 0),
(985, 102, 'O', 2, 'O2', 'SWEETBOX', 'Hoạt động', 0, 0),
(986, 102, 'O', 3, 'O3', 'SWEETBOX', 'Hoạt động', 0, 0),
(987, 102, 'O', 4, 'O4', 'SWEETBOX', 'Hoạt động', 0, 0),
(988, 102, 'O', 5, 'O5', 'SWEETBOX', 'Hoạt động', 1, 0),
(989, 102, 'O', 6, 'O6', 'SWEETBOX', 'Hoạt động', 0, 0),
(990, 102, 'O', 7, 'O7', 'SWEETBOX', 'Hoạt động', 0, 0),
(991, 102, 'O', 8, 'O8', 'SWEETBOX', 'Hoạt động', 0, 0),
(992, 102, 'O', 9, 'O9', 'SWEETBOX', 'Hoạt động', 0, 0),
(993, 102, 'O', 10, 'O10', 'SWEETBOX', 'Hoạt động', 0, 0),
(994, 102, 'A', 11, 'A11', 'STANDARD', 'Hoạt động', 0, 0),
(995, 102, 'A', 12, 'A12', 'STANDARD', 'Hoạt động', 0, 0),
(996, 102, 'A', 13, 'A13', 'STANDARD', 'Hoạt động', 0, 0),
(997, 102, 'A', 14, 'A14', 'STANDARD', 'Hoạt động', 0, 0),
(998, 102, 'A', 15, 'A15', 'STANDARD', 'Hoạt động', 0, 0),
(999, 102, 'A', 16, 'A16', 'STANDARD', 'Hoạt động', 0, 0),
(1000, 102, 'B', 11, 'B11', 'STANDARD', 'Hoạt động', 0, 0),
(1001, 102, 'B', 12, 'B12', 'STANDARD', 'Hoạt động', 0, 0),
(1002, 102, 'B', 13, 'B13', 'STANDARD', 'Hoạt động', 0, 0),
(1003, 102, 'B', 14, 'B14', 'STANDARD', 'Hoạt động', 0, 0),
(1004, 102, 'B', 15, 'B15', 'STANDARD', 'Hoạt động', 0, 0),
(1005, 102, 'B', 16, 'B16', 'STANDARD', 'Hoạt động', 0, 0),
(1006, 102, 'C', 11, 'C11', 'STANDARD', 'Hoạt động', 0, 0),
(1007, 102, 'C', 12, 'C12', 'STANDARD', 'Hoạt động', 0, 0),
(1008, 102, 'C', 13, 'C13', 'STANDARD', 'Hoạt động', 0, 0),
(1009, 102, 'C', 14, 'C14', 'STANDARD', 'Hoạt động', 0, 0),
(1010, 102, 'C', 15, 'C15', 'STANDARD', 'Hoạt động', 0, 0),
(1011, 102, 'C', 16, 'C16', 'STANDARD', 'Hoạt động', 0, 0),
(1012, 102, 'A', 17, 'A17', 'STANDARD', 'Hoạt động', 1, 0),
(1013, 102, 'A', 18, 'A18', 'STANDARD', 'Hoạt động', 0, 0),
(1014, 102, 'A', 19, 'A19', 'STANDARD', 'Hoạt động', 0, 0),
(1015, 102, 'A', 20, 'A20', 'STANDARD', 'Hoạt động', 0, 0),
(1016, 102, 'A', 21, 'A21', 'STANDARD', 'Hoạt động', 0, 0),
(1017, 102, 'A', 22, 'A22', 'STANDARD', 'Hoạt động', 0, 0),
(1018, 102, 'B', 17, 'B17', 'STANDARD', 'Hoạt động', 1, 0),
(1019, 102, 'B', 18, 'B18', 'STANDARD', 'Hoạt động', 0, 0),
(1020, 102, 'B', 19, 'B19', 'STANDARD', 'Hoạt động', 0, 0),
(1021, 102, 'B', 20, 'B20', 'STANDARD', 'Hoạt động', 0, 0),
(1022, 102, 'B', 21, 'B21', 'STANDARD', 'Hoạt động', 0, 0),
(1023, 102, 'B', 22, 'B22', 'STANDARD', 'Hoạt động', 0, 0),
(1024, 102, 'C', 17, 'C17', 'STANDARD', 'Hoạt động', 1, 0),
(1025, 102, 'C', 18, 'C18', 'STANDARD', 'Hoạt động', 0, 0),
(1026, 102, 'C', 19, 'C19', 'STANDARD', 'Hoạt động', 0, 0),
(1027, 102, 'C', 20, 'C20', 'STANDARD', 'Hoạt động', 0, 0),
(1028, 102, 'C', 21, 'C21', 'STANDARD', 'Hoạt động', 0, 0),
(1029, 102, 'C', 22, 'C22', 'STANDARD', 'Hoạt động', 0, 0),
(1030, 102, 'D', 11, 'D11', 'STANDARD', 'Hoạt động', 0, 1),
(1031, 102, 'D', 12, 'D12', 'STANDARD', 'Hoạt động', 0, 1),
(1032, 102, 'D', 13, 'D13', 'STANDARD', 'Hoạt động', 0, 1),
(1033, 102, 'D', 14, 'D14', 'STANDARD', 'Hoạt động', 0, 1),
(1034, 102, 'D', 15, 'D15', 'STANDARD', 'Hoạt động', 0, 1),
(1035, 102, 'D', 16, 'D16', 'STANDARD', 'Hoạt động', 0, 1),
(1036, 102, 'D', 17, 'D17', 'STANDARD', 'Hoạt động', 1, 1),
(1037, 102, 'D', 18, 'D18', 'STANDARD', 'Hoạt động', 0, 1),
(1038, 102, 'D', 19, 'D19', 'STANDARD', 'Hoạt động', 0, 1),
(1039, 102, 'D', 20, 'D20', 'STANDARD', 'Hoạt động', 0, 1),
(1040, 102, 'D', 21, 'D21', 'STANDARD', 'Hoạt động', 0, 1),
(1041, 102, 'D', 22, 'D22', 'STANDARD', 'Hoạt động', 0, 1),
(1042, 102, 'E', 11, 'E11', 'VIP', 'Hoạt động', 0, 0),
(1043, 102, 'E', 12, 'E12', 'VIP', 'Hoạt động', 0, 0),
(1044, 102, 'E', 13, 'E13', 'VIP', 'Hoạt động', 0, 0),
(1045, 102, 'E', 14, 'E14', 'VIP', 'Hoạt động', 0, 0),
(1046, 102, 'E', 15, 'E15', 'VIP', 'Hoạt động', 0, 0),
(1047, 102, 'E', 16, 'E16', 'VIP', 'Hoạt động', 0, 0),
(1048, 102, 'E', 17, 'E17', 'VIP', 'Hoạt động', 1, 0),
(1049, 102, 'E', 18, 'E18', 'VIP', 'Hoạt động', 0, 0),
(1050, 102, 'E', 19, 'E19', 'VIP', 'Hoạt động', 0, 0),
(1051, 102, 'E', 20, 'E20', 'VIP', 'Hoạt động', 0, 0),
(1052, 102, 'E', 21, 'E21', 'VIP', 'Hoạt động', 0, 0),
(1053, 102, 'E', 22, 'E22', 'VIP', 'Hoạt động', 0, 0),
(1054, 102, 'F', 11, 'F11', 'VIP', 'Hoạt động', 0, 0),
(1055, 102, 'F', 12, 'F12', 'VIP', 'Hoạt động', 0, 0),
(1056, 102, 'F', 13, 'F13', 'VIP', 'Hoạt động', 0, 0),
(1057, 102, 'F', 14, 'F14', 'VIP', 'Hoạt động', 0, 0),
(1058, 102, 'F', 15, 'F15', 'VIP', 'Hoạt động', 0, 0),
(1059, 102, 'F', 16, 'F16', 'VIP', 'Hoạt động', 0, 0),
(1060, 102, 'F', 17, 'F17', 'VIP', 'Hoạt động', 1, 0),
(1061, 102, 'F', 18, 'F18', 'VIP', 'Hoạt động', 0, 0),
(1062, 102, 'F', 19, 'F19', 'VIP', 'Hoạt động', 0, 0),
(1063, 102, 'F', 20, 'F20', 'VIP', 'Hoạt động', 0, 0),
(1064, 102, 'F', 21, 'F21', 'VIP', 'Hoạt động', 0, 0),
(1065, 102, 'F', 22, 'F22', 'VIP', 'Hoạt động', 0, 0),
(1066, 102, 'G', 11, 'G11', 'VIP', 'Hoạt động', 0, 0),
(1067, 102, 'G', 12, 'G12', 'VIP', 'Hoạt động', 0, 0),
(1068, 102, 'G', 13, 'G13', 'VIP', 'Hoạt động', 0, 0),
(1069, 102, 'G', 14, 'G14', 'VIP', 'Hoạt động', 0, 0),
(1070, 102, 'G', 15, 'G15', 'VIP', 'Hoạt động', 0, 0),
(1071, 102, 'G', 16, 'G16', 'VIP', 'Hoạt động', 0, 0),
(1072, 102, 'G', 17, 'G17', 'VIP', 'Hoạt động', 1, 0),
(1073, 102, 'G', 18, 'G18', 'VIP', 'Hoạt động', 0, 0),
(1074, 102, 'G', 19, 'G19', 'VIP', 'Hoạt động', 0, 0),
(1075, 102, 'G', 20, 'G20', 'VIP', 'Hoạt động', 0, 0),
(1076, 102, 'G', 21, 'G21', 'VIP', 'Hoạt động', 0, 0),
(1077, 102, 'G', 22, 'G22', 'VIP', 'Hoạt động', 0, 0),
(1078, 102, 'H', 11, 'H11', 'VIP', 'Hoạt động', 0, 0),
(1079, 102, 'H', 12, 'H12', 'VIP', 'Hoạt động', 0, 0),
(1080, 102, 'H', 13, 'H13', 'VIP', 'Hoạt động', 0, 0),
(1081, 102, 'H', 14, 'H14', 'VIP', 'Hoạt động', 0, 0),
(1082, 102, 'H', 15, 'H15', 'VIP', 'Hoạt động', 0, 0),
(1083, 102, 'H', 16, 'H16', 'VIP', 'Hoạt động', 0, 0),
(1084, 102, 'H', 17, 'H17', 'VIP', 'Hoạt động', 1, 0),
(1085, 102, 'H', 18, 'H18', 'VIP', 'Hoạt động', 0, 0),
(1086, 102, 'H', 19, 'H19', 'VIP', 'Hoạt động', 0, 0),
(1087, 102, 'H', 20, 'H20', 'VIP', 'Hoạt động', 0, 0),
(1088, 102, 'H', 21, 'H21', 'VIP', 'Hoạt động', 0, 0),
(1089, 102, 'H', 22, 'H22', 'VIP', 'Hoạt động', 0, 0),
(1090, 102, 'I', 11, 'I11', 'VIP', 'Hoạt động', 0, 0),
(1091, 102, 'I', 12, 'I12', 'VIP', 'Hoạt động', 0, 0),
(1092, 102, 'I', 13, 'I13', 'VIP', 'Hoạt động', 0, 0),
(1093, 102, 'I', 14, 'I14', 'VIP', 'Hoạt động', 0, 0),
(1094, 102, 'I', 15, 'I15', 'VIP', 'Hoạt động', 0, 0),
(1095, 102, 'I', 16, 'I16', 'VIP', 'Hoạt động', 0, 0),
(1096, 102, 'I', 17, 'I17', 'VIP', 'Hoạt động', 1, 0),
(1097, 102, 'I', 18, 'I18', 'VIP', 'Hoạt động', 0, 0),
(1098, 102, 'I', 19, 'I19', 'VIP', 'Hoạt động', 0, 0),
(1099, 102, 'I', 20, 'I20', 'VIP', 'Hoạt động', 0, 0),
(1100, 102, 'I', 21, 'I21', 'VIP', 'Hoạt động', 0, 0),
(1101, 102, 'I', 22, 'I22', 'VIP', 'Hoạt động', 0, 0),
(1102, 102, 'J', 11, 'J11', 'VIP', 'Hoạt động', 0, 0),
(1103, 102, 'J', 12, 'J12', 'VIP', 'Hoạt động', 0, 0),
(1104, 102, 'J', 13, 'J13', 'VIP', 'Hoạt động', 0, 0),
(1105, 102, 'J', 14, 'J14', 'VIP', 'Hoạt động', 0, 0),
(1106, 102, 'J', 15, 'J15', 'VIP', 'Hoạt động', 0, 0),
(1107, 102, 'J', 16, 'J16', 'VIP', 'Hoạt động', 0, 0),
(1108, 102, 'J', 17, 'J17', 'VIP', 'Hoạt động', 1, 0),
(1109, 102, 'J', 18, 'J18', 'VIP', 'Hoạt động', 0, 0),
(1110, 102, 'J', 19, 'J19', 'VIP', 'Hoạt động', 0, 0),
(1111, 102, 'J', 20, 'J20', 'VIP', 'Hoạt động', 0, 0),
(1112, 102, 'J', 21, 'J21', 'VIP', 'Hoạt động', 0, 0),
(1113, 102, 'J', 22, 'J22', 'VIP', 'Hoạt động', 0, 0),
(1114, 102, 'K', 11, 'K11', 'VIP', 'Hoạt động', 0, 0),
(1115, 102, 'K', 12, 'K12', 'VIP', 'Hoạt động', 0, 0),
(1116, 102, 'K', 13, 'K13', 'VIP', 'Hoạt động', 0, 0),
(1117, 102, 'K', 14, 'K14', 'VIP', 'Hoạt động', 0, 0),
(1118, 102, 'K', 15, 'K15', 'VIP', 'Hoạt động', 0, 0),
(1119, 102, 'K', 16, 'K16', 'VIP', 'Hoạt động', 0, 0),
(1120, 102, 'K', 17, 'K17', 'VIP', 'Hoạt động', 1, 0),
(1121, 102, 'K', 18, 'K18', 'VIP', 'Hoạt động', 0, 0),
(1122, 102, 'K', 19, 'K19', 'VIP', 'Hoạt động', 0, 0),
(1123, 102, 'K', 20, 'K20', 'VIP', 'Hoạt động', 0, 0),
(1124, 102, 'K', 21, 'K21', 'VIP', 'Hoạt động', 0, 0),
(1125, 102, 'K', 22, 'K22', 'VIP', 'Hoạt động', 0, 0),
(1126, 102, 'L', 11, 'L11', 'VIP', 'Hoạt động', 0, 0),
(1127, 102, 'L', 12, 'L12', 'VIP', 'Hoạt động', 0, 0),
(1128, 102, 'L', 13, 'L13', 'VIP', 'Hoạt động', 0, 0),
(1129, 102, 'L', 14, 'L14', 'VIP', 'Hoạt động', 0, 0),
(1130, 102, 'L', 15, 'L15', 'VIP', 'Hoạt động', 0, 0),
(1131, 102, 'L', 16, 'L16', 'VIP', 'Hoạt động', 0, 0),
(1132, 102, 'L', 17, 'L17', 'VIP', 'Hoạt động', 1, 0),
(1133, 102, 'L', 18, 'L18', 'VIP', 'Hoạt động', 0, 0),
(1134, 102, 'L', 19, 'L19', 'VIP', 'Hoạt động', 0, 0),
(1135, 102, 'L', 20, 'L20', 'VIP', 'Hoạt động', 0, 0),
(1136, 102, 'L', 21, 'L21', 'VIP', 'Hoạt động', 0, 0),
(1137, 102, 'L', 22, 'L22', 'VIP', 'Hoạt động', 0, 0),
(1138, 102, 'M', 11, 'M11', 'VIP', 'Hoạt động', 0, 0),
(1139, 102, 'M', 12, 'M12', 'VIP', 'Hoạt động', 0, 0),
(1140, 102, 'M', 13, 'M13', 'VIP', 'Hoạt động', 0, 0),
(1141, 102, 'M', 14, 'M14', 'VIP', 'Hoạt động', 0, 0),
(1142, 102, 'M', 15, 'M15', 'VIP', 'Hoạt động', 0, 0),
(1143, 102, 'M', 16, 'M16', 'VIP', 'Hoạt động', 0, 0),
(1144, 102, 'M', 17, 'M17', 'VIP', 'Hoạt động', 1, 0),
(1145, 102, 'M', 18, 'M18', 'VIP', 'Hoạt động', 0, 0),
(1146, 102, 'M', 19, 'M19', 'VIP', 'Hoạt động', 0, 0),
(1147, 102, 'M', 20, 'M20', 'VIP', 'Hoạt động', 0, 0),
(1148, 102, 'M', 21, 'M21', 'VIP', 'Hoạt động', 0, 0),
(1149, 102, 'M', 22, 'M22', 'VIP', 'Hoạt động', 0, 0),
(1150, 102, 'N', 11, 'N11', 'SWEETBOX', 'Hoạt động', 0, 0),
(1151, 102, 'N', 12, 'N12', 'SWEETBOX', 'Hoạt động', 0, 0),
(1152, 102, 'N', 13, 'N13', 'SWEETBOX', 'Hoạt động', 0, 0),
(1153, 102, 'N', 14, 'N14', 'SWEETBOX', 'Hoạt động', 0, 0),
(1154, 102, 'N', 15, 'N15', 'SWEETBOX', 'Hoạt động', 0, 0),
(1155, 102, 'N', 16, 'N16', 'SWEETBOX', 'Hoạt động', 0, 0),
(1156, 102, 'N', 17, 'N17', 'SWEETBOX', 'Hoạt động', 1, 0),
(1157, 102, 'N', 18, 'N18', 'SWEETBOX', 'Hoạt động', 0, 0),
(1158, 102, 'N', 19, 'N19', 'SWEETBOX', 'Hoạt động', 0, 0),
(1159, 102, 'N', 20, 'N20', 'SWEETBOX', 'Hoạt động', 0, 0),
(1160, 102, 'N', 21, 'N21', 'SWEETBOX', 'Hoạt động', 0, 0),
(1161, 102, 'N', 22, 'N22', 'SWEETBOX', 'Hoạt động', 0, 0),
(1162, 102, 'O', 11, 'O11', 'SWEETBOX', 'Hoạt động', 0, 0),
(1163, 102, 'O', 12, 'O12', 'SWEETBOX', 'Hoạt động', 0, 0),
(1164, 102, 'O', 13, 'O13', 'SWEETBOX', 'Hoạt động', 0, 0),
(1165, 102, 'O', 14, 'O14', 'SWEETBOX', 'Hoạt động', 0, 0),
(1166, 102, 'O', 15, 'O15', 'SWEETBOX', 'Hoạt động', 0, 0),
(1167, 102, 'O', 16, 'O16', 'SWEETBOX', 'Hoạt động', 0, 0),
(1168, 102, 'O', 17, 'O17', 'SWEETBOX', 'Hoạt động', 1, 0),
(1169, 102, 'O', 18, 'O18', 'SWEETBOX', 'Hoạt động', 0, 0),
(1170, 102, 'O', 19, 'O19', 'SWEETBOX', 'Hoạt động', 0, 0),
(1171, 102, 'O', 20, 'O20', 'SWEETBOX', 'Hoạt động', 0, 0),
(1172, 102, 'O', 21, 'O21', 'SWEETBOX', 'Hoạt động', 0, 0),
(1173, 102, 'O', 22, 'O22', 'SWEETBOX', 'Hoạt động', 0, 0),
(1174, 100, 'A', 1, 'A1', 'STANDARD', 'Hoạt động', 0, 0),
(1175, 100, 'A', 2, 'A2', 'STANDARD', 'Hoạt động', 0, 0),
(1176, 100, 'A', 3, 'A3', 'STANDARD', 'Hoạt động', 0, 0),
(1177, 100, 'A', 4, 'A4', 'STANDARD', 'Hoạt động', 0, 0),
(1178, 100, 'A', 5, 'A5', 'STANDARD', 'Hoạt động', 0, 0),
(1179, 100, 'A', 6, 'A6', 'STANDARD', 'Hoạt động', 0, 0),
(1180, 100, 'A', 7, 'A7', 'STANDARD', 'Hoạt động', 0, 0),
(1181, 100, 'A', 8, 'A8', 'STANDARD', 'Hoạt động', 0, 0),
(1182, 100, 'A', 9, 'A9', 'STANDARD', 'Hoạt động', 0, 0),
(1183, 100, 'A', 10, 'A10', 'STANDARD', 'Hoạt động', 0, 0),
(1184, 100, 'B', 1, 'B1', 'STANDARD', 'Hoạt động', 0, 0),
(1185, 100, 'B', 2, 'B2', 'STANDARD', 'Hoạt động', 0, 0),
(1186, 100, 'B', 3, 'B3', 'STANDARD', 'Hoạt động', 0, 0),
(1187, 100, 'B', 4, 'B4', 'STANDARD', 'Hoạt động', 0, 0),
(1188, 100, 'B', 5, 'B5', 'STANDARD', 'Hoạt động', 0, 0),
(1189, 100, 'B', 6, 'B6', 'STANDARD', 'Hoạt động', 0, 1),
(1190, 100, 'B', 7, 'B7', 'STANDARD', 'Hoạt động', 0, 0),
(1191, 100, 'B', 8, 'B8', 'STANDARD', 'Hoạt động', 0, 0),
(1192, 100, 'B', 9, 'B9', 'STANDARD', 'Hoạt động', 0, 0),
(1193, 100, 'B', 10, 'B10', 'STANDARD', 'Hoạt động', 0, 0),
(1194, 100, 'C', 1, 'C1', 'VIP', 'Hoạt động', 0, 0),
(1195, 100, 'C', 2, 'C2', 'VIP', 'Hoạt động', 0, 0),
(1196, 100, 'C', 3, 'C3', 'VIP', 'Hoạt động', 0, 0),
(1197, 100, 'C', 4, 'C4', 'VIP', 'Hoạt động', 0, 0),
(1198, 100, 'C', 5, 'C5', 'VIP', 'Hoạt động', 0, 0),
(1199, 100, 'C', 6, 'C6', 'VIP', 'Hoạt động', 0, 0),
(1200, 100, 'C', 7, 'C7', 'VIP', 'Hoạt động', 0, 0),
(1201, 100, 'C', 8, 'C8', 'VIP', 'Hoạt động', 0, 0),
(1202, 100, 'C', 9, 'C9', 'VIP', 'Hoạt động', 0, 0),
(1203, 100, 'C', 10, 'C10', 'VIP', 'Hoạt động', 0, 0),
(1204, 100, 'D', 1, 'D1', 'VIP', 'Hoạt động', 0, 0),
(1205, 100, 'D', 2, 'D2', 'VIP', 'Hoạt động', 0, 0),
(1206, 100, 'D', 3, 'D3', 'VIP', 'Hoạt động', 0, 0),
(1207, 100, 'D', 4, 'D4', 'VIP', 'Hoạt động', 0, 0),
(1208, 100, 'D', 5, 'D5', 'VIP', 'Hoạt động', 0, 0),
(1209, 100, 'D', 6, 'D6', 'VIP', 'Hoạt động', 0, 0),
(1210, 100, 'D', 7, 'D7', 'VIP', 'Hoạt động', 0, 0),
(1211, 100, 'D', 8, 'D8', 'VIP', 'Hoạt động', 0, 0),
(1212, 100, 'D', 9, 'D9', 'VIP', 'Hoạt động', 0, 0),
(1213, 100, 'D', 10, 'D10', 'VIP', 'Hoạt động', 0, 0),
(1214, 100, 'E', 1, 'E1', 'VIP', 'Hoạt động', 0, 0),
(1215, 100, 'E', 2, 'E2', 'VIP', 'Hoạt động', 0, 0),
(1216, 100, 'E', 3, 'E3', 'VIP', 'Hoạt động', 0, 0),
(1217, 100, 'E', 4, 'E4', 'VIP', 'Hoạt động', 0, 0),
(1218, 100, 'E', 5, 'E5', 'VIP', 'Hoạt động', 0, 0),
(1219, 100, 'E', 6, 'E6', 'VIP', 'Hoạt động', 0, 0),
(1220, 100, 'E', 7, 'E7', 'VIP', 'Hoạt động', 0, 0),
(1221, 100, 'E', 8, 'E8', 'VIP', 'Hoạt động', 0, 0),
(1222, 100, 'E', 9, 'E9', 'VIP', 'Hoạt động', 0, 0),
(1223, 100, 'E', 10, 'E10', 'VIP', 'Hoạt động', 0, 0),
(1224, 100, 'F', 1, 'F1', 'VIP', 'Hoạt động', 0, 0),
(1225, 100, 'F', 2, 'F2', 'VIP', 'Hoạt động', 0, 0),
(1226, 100, 'F', 3, 'F3', 'VIP', 'Hoạt động', 0, 0),
(1227, 100, 'F', 4, 'F4', 'VIP', 'Hoạt động', 0, 0),
(1228, 100, 'F', 5, 'F5', 'VIP', 'Hoạt động', 0, 0),
(1229, 100, 'F', 6, 'F6', 'VIP', 'Hoạt động', 0, 0),
(1230, 100, 'F', 7, 'F7', 'VIP', 'Hoạt động', 0, 0),
(1231, 100, 'F', 8, 'F8', 'VIP', 'Hoạt động', 0, 0),
(1232, 100, 'F', 9, 'F9', 'VIP', 'Hoạt động', 0, 0),
(1233, 100, 'F', 10, 'F10', 'VIP', 'Hoạt động', 0, 0),
(1234, 100, 'G', 1, 'G1', 'VIP', 'Hoạt động', 0, 0),
(1235, 100, 'G', 2, 'G2', 'VIP', 'Hoạt động', 0, 0),
(1236, 100, 'G', 3, 'G3', 'VIP', 'Hoạt động', 0, 0),
(1237, 100, 'G', 4, 'G4', 'VIP', 'Hoạt động', 0, 0),
(1238, 100, 'G', 5, 'G5', 'VIP', 'Hoạt động', 0, 0),
(1239, 100, 'G', 6, 'G6', 'VIP', 'Hoạt động', 0, 0),
(1240, 100, 'G', 7, 'G7', 'VIP', 'Hoạt động', 0, 0),
(1241, 100, 'G', 8, 'G8', 'VIP', 'Hoạt động', 0, 0),
(1242, 100, 'G', 9, 'G9', 'VIP', 'Hoạt động', 0, 0),
(1243, 100, 'G', 10, 'G10', 'VIP', 'Hoạt động', 0, 0),
(1244, 100, 'H', 1, 'H1', 'SWEETBOX', 'Hoạt động', 0, 0),
(1245, 100, 'H', 2, 'H2', 'SWEETBOX', 'Hoạt động', 0, 0),
(1246, 100, 'H', 3, 'H3', 'SWEETBOX', 'Hoạt động', 0, 0),
(1247, 100, 'H', 4, 'H4', 'SWEETBOX', 'Hoạt động', 0, 0),
(1248, 100, 'H', 5, 'H5', 'SWEETBOX', 'Hoạt động', 0, 0),
(1249, 100, 'H', 6, 'H6', 'SWEETBOX', 'Hoạt động', 0, 0),
(1250, 100, 'H', 7, 'H7', 'SWEETBOX', 'Hoạt động', 0, 0),
(1251, 100, 'H', 8, 'H8', 'SWEETBOX', 'Hoạt động', 0, 0),
(1252, 100, 'H', 9, 'H9', 'SWEETBOX', 'Hoạt động', 0, 0),
(1253, 100, 'H', 10, 'H10', 'SWEETBOX', 'Hoạt động', 0, 0),
(1254, 100, 'A', 11, 'A11', 'STANDARD', 'Hoạt động', 0, 0),
(1255, 100, 'A', 12, 'A12', 'STANDARD', 'Hoạt động', 0, 0),
(1256, 100, 'B', 11, 'B11', 'STANDARD', 'Hoạt động', 0, 0),
(1257, 100, 'B', 12, 'B12', 'STANDARD', 'Hoạt động', 0, 0),
(1258, 100, 'C', 11, 'C11', 'VIP', 'Hoạt động', 0, 0),
(1259, 100, 'C', 12, 'C12', 'VIP', 'Hoạt động', 0, 0),
(1260, 100, 'D', 11, 'D11', 'VIP', 'Hoạt động', 0, 0),
(1261, 100, 'D', 12, 'D12', 'VIP', 'Hoạt động', 0, 0),
(1262, 100, 'E', 11, 'E11', 'VIP', 'Hoạt động', 0, 0),
(1263, 100, 'E', 12, 'E12', 'VIP', 'Hoạt động', 0, 0),
(1264, 100, 'F', 11, 'F11', 'VIP', 'Hoạt động', 0, 0),
(1265, 100, 'F', 12, 'F12', 'VIP', 'Hoạt động', 0, 0),
(1266, 100, 'G', 11, 'G11', 'VIP', 'Hoạt động', 0, 0),
(1267, 100, 'G', 12, 'G12', 'VIP', 'Hoạt động', 0, 0),
(1268, 100, 'H', 11, 'H11', 'SWEETBOX', 'Hoạt động', 0, 0),
(1269, 100, 'H', 12, 'H12', 'SWEETBOX', 'Hoạt động', 0, 0),
(1270, 100, 'H', 13, 'H13', 'SWEETBOX', 'Hoạt động', 0, 0),
(1271, 100, 'G', 13, 'G13', 'VIP', 'Hoạt động', 0, 0),
(1272, 100, 'F', 13, 'F13', 'VIP', 'Hoạt động', 0, 0),
(1273, 100, 'E', 13, 'E13', 'VIP', 'Hoạt động', 0, 0),
(1274, 100, 'D', 13, 'D13', 'VIP', 'Hoạt động', 0, 0),
(1275, 100, 'C', 13, 'C13', 'VIP', 'Hoạt động', 0, 0),
(1276, 101, 'A', 1, 'A1', 'STANDARD', 'Hoạt động', 0, 0),
(1277, 101, 'A', 2, 'A2', 'STANDARD', 'Hoạt động', 0, 0),
(1278, 101, 'A', 3, 'A3', 'STANDARD', 'Hoạt động', 0, 0),
(1279, 101, 'A', 4, 'A4', 'STANDARD', 'Hoạt động', 0, 0),
(1280, 101, 'A', 5, 'A5', 'STANDARD', 'Hoạt động', 0, 0),
(1281, 101, 'A', 6, 'A6', 'STANDARD', 'Hoạt động', 0, 0),
(1282, 101, 'A', 7, 'A7', 'STANDARD', 'Hoạt động', 0, 0),
(1283, 101, 'A', 8, 'A8', 'STANDARD', 'Hoạt động', 0, 0),
(1284, 101, 'A', 9, 'A9', 'STANDARD', 'Hoạt động', 0, 0),
(1285, 101, 'A', 10, 'A10', 'STANDARD', 'Hoạt động', 0, 0),
(1286, 101, 'B', 1, 'B1', 'STANDARD', 'Hoạt động', 0, 0),
(1287, 101, 'B', 2, 'B2', 'STANDARD', 'Hoạt động', 0, 0),
(1288, 101, 'B', 3, 'B3', 'STANDARD', 'Hoạt động', 0, 0),
(1289, 101, 'B', 4, 'B4', 'STANDARD', 'Hoạt động', 0, 0),
(1290, 101, 'B', 5, 'B5', 'STANDARD', 'Hoạt động', 0, 0),
(1291, 101, 'B', 6, 'B6', 'STANDARD', 'Hoạt động', 0, 0),
(1292, 101, 'B', 7, 'B7', 'STANDARD', 'Hoạt động', 0, 0),
(1293, 101, 'B', 8, 'B8', 'STANDARD', 'Hoạt động', 0, 0),
(1294, 101, 'B', 9, 'B9', 'STANDARD', 'Hoạt động', 0, 0),
(1295, 101, 'B', 10, 'B10', 'STANDARD', 'Hoạt động', 0, 0),
(1296, 101, 'C', 1, 'C1', 'STANDARD', 'Hoạt động', 0, 0),
(1297, 101, 'C', 2, 'C2', 'STANDARD', 'Hoạt động', 0, 0),
(1298, 101, 'C', 3, 'C3', 'STANDARD', 'Hoạt động', 0, 0),
(1299, 101, 'C', 4, 'C4', 'STANDARD', 'Hoạt động', 0, 0),
(1300, 101, 'C', 5, 'C5', 'STANDARD', 'Hoạt động', 0, 0),
(1301, 101, 'C', 6, 'C6', 'STANDARD', 'Hoạt động', 0, 0),
(1302, 101, 'C', 7, 'C7', 'STANDARD', 'Hoạt động', 0, 0),
(1303, 101, 'C', 8, 'C8', 'STANDARD', 'Hoạt động', 0, 0),
(1304, 101, 'C', 9, 'C9', 'STANDARD', 'Hoạt động', 0, 0),
(1305, 101, 'C', 10, 'C10', 'STANDARD', 'Hoạt động', 0, 0),
(1306, 101, 'D', 1, 'D1', 'VIP', 'Hoạt động', 0, 0),
(1307, 101, 'D', 2, 'D2', 'VIP', 'Hoạt động', 0, 0),
(1308, 101, 'D', 3, 'D3', 'VIP', 'Hoạt động', 0, 0),
(1309, 101, 'D', 4, 'D4', 'VIP', 'Hoạt động', 0, 0),
(1310, 101, 'D', 5, 'D5', 'VIP', 'Hoạt động', 0, 0),
(1311, 101, 'D', 6, 'D6', 'VIP', 'Hoạt động', 0, 0),
(1312, 101, 'D', 7, 'D7', 'VIP', 'Hoạt động', 0, 0),
(1313, 101, 'D', 8, 'D8', 'VIP', 'Hoạt động', 0, 0),
(1314, 101, 'D', 9, 'D9', 'VIP', 'Hoạt động', 0, 0),
(1315, 101, 'D', 10, 'D10', 'VIP', 'Hoạt động', 0, 0),
(1316, 101, 'E', 1, 'E1', 'VIP', 'Hoạt động', 0, 0),
(1317, 101, 'E', 2, 'E2', 'VIP', 'Hoạt động', 0, 0),
(1318, 101, 'E', 3, 'E3', 'VIP', 'Hoạt động', 0, 0),
(1319, 101, 'E', 4, 'E4', 'VIP', 'Hoạt động', 0, 0),
(1320, 101, 'E', 5, 'E5', 'VIP', 'Hoạt động', 0, 0),
(1321, 101, 'E', 6, 'E6', 'VIP', 'Hoạt động', 0, 0),
(1322, 101, 'E', 7, 'E7', 'VIP', 'Hoạt động', 0, 0),
(1323, 101, 'E', 8, 'E8', 'VIP', 'Hoạt động', 0, 0),
(1324, 101, 'E', 9, 'E9', 'VIP', 'Hoạt động', 0, 0),
(1325, 101, 'E', 10, 'E10', 'VIP', 'Hoạt động', 0, 0),
(1326, 101, 'F', 1, 'F1', 'VIP', 'Hoạt động', 0, 0),
(1327, 101, 'F', 2, 'F2', 'VIP', 'Hoạt động', 0, 0),
(1328, 101, 'F', 3, 'F3', 'VIP', 'Hoạt động', 0, 0),
(1329, 101, 'F', 4, 'F4', 'VIP', 'Hoạt động', 0, 0),
(1330, 101, 'F', 5, 'F5', 'VIP', 'Hoạt động', 0, 0),
(1331, 101, 'F', 6, 'F6', 'VIP', 'Hoạt động', 0, 0),
(1332, 101, 'F', 7, 'F7', 'VIP', 'Hoạt động', 0, 0),
(1333, 101, 'F', 8, 'F8', 'VIP', 'Hoạt động', 0, 0),
(1334, 101, 'F', 9, 'F9', 'VIP', 'Hoạt động', 0, 0),
(1335, 101, 'F', 10, 'F10', 'VIP', 'Hoạt động', 0, 0),
(1336, 101, 'G', 1, 'G1', 'VIP', 'Hoạt động', 0, 0),
(1337, 101, 'G', 2, 'G2', 'VIP', 'Hoạt động', 0, 0),
(1338, 101, 'G', 3, 'G3', 'VIP', 'Hoạt động', 0, 0),
(1339, 101, 'G', 4, 'G4', 'VIP', 'Hoạt động', 0, 0),
(1340, 101, 'G', 5, 'G5', 'VIP', 'Hoạt động', 0, 0),
(1341, 101, 'G', 6, 'G6', 'VIP', 'Hoạt động', 0, 0),
(1342, 101, 'G', 7, 'G7', 'VIP', 'Hoạt động', 0, 0),
(1343, 101, 'G', 8, 'G8', 'VIP', 'Hoạt động', 0, 0),
(1344, 101, 'G', 9, 'G9', 'VIP', 'Hoạt động', 0, 0),
(1345, 101, 'G', 10, 'G10', 'VIP', 'Hoạt động', 0, 0),
(1346, 101, 'H', 1, 'H1', 'SWEETBOX', 'Hoạt động', 0, 0),
(1347, 101, 'H', 2, 'H2', 'SWEETBOX', 'Hoạt động', 0, 0),
(1348, 101, 'H', 3, 'H3', 'SWEETBOX', 'Hoạt động', 0, 0),
(1349, 101, 'H', 4, 'H4', 'SWEETBOX', 'Hoạt động', 0, 0),
(1350, 101, 'H', 5, 'H5', 'SWEETBOX', 'Hoạt động', 0, 0),
(1351, 101, 'H', 6, 'H6', 'SWEETBOX', 'Hoạt động', 0, 0),
(1352, 101, 'H', 7, 'H7', 'SWEETBOX', 'Hoạt động', 0, 0),
(1353, 101, 'H', 8, 'H8', 'SWEETBOX', 'Hoạt động', 0, 0),
(1354, 101, 'H', 9, 'H9', 'SWEETBOX', 'Hoạt động', 0, 0),
(1355, 101, 'H', 10, 'H10', 'SWEETBOX', 'Hoạt động', 0, 0),
(1356, 101, 'A', 11, 'A11', 'STANDARD', 'Hoạt động', 0, 0),
(1357, 101, 'A', 12, 'A12', 'STANDARD', 'Hoạt động', 0, 0),
(1358, 101, 'A', 13, 'A13', 'STANDARD', 'Hoạt động', 0, 0),
(1359, 101, 'B', 11, 'B11', 'STANDARD', 'Hoạt động', 0, 0),
(1360, 101, 'B', 12, 'B12', 'STANDARD', 'Hoạt động', 0, 0),
(1361, 101, 'B', 13, 'B13', 'STANDARD', 'Hoạt động', 0, 0),
(1362, 101, 'C', 11, 'C11', 'STANDARD', 'Hoạt động', 0, 0),
(1363, 101, 'C', 12, 'C12', 'STANDARD', 'Hoạt động', 0, 1),
(1364, 101, 'C', 13, 'C13', 'STANDARD', 'Hoạt động', 0, 0),
(1365, 103, 'A', 1, 'A1', 'STANDARD', 'Hoạt động', 0, 0),
(1366, 103, 'A', 2, 'A2', 'STANDARD', 'Hoạt động', 0, 0),
(1367, 103, 'A', 3, 'A3', 'STANDARD', 'Hoạt động', 0, 0),
(1368, 103, 'A', 4, 'A4', 'STANDARD', 'Hoạt động', 0, 0),
(1369, 103, 'A', 5, 'A5', 'STANDARD', 'Hoạt động', 0, 0),
(1370, 103, 'A', 6, 'A6', 'STANDARD', 'Hoạt động', 0, 0),
(1371, 103, 'A', 7, 'A7', 'STANDARD', 'Hoạt động', 0, 0),
(1372, 103, 'A', 8, 'A8', 'STANDARD', 'Hoạt động', 0, 0),
(1373, 103, 'A', 9, 'A9', 'STANDARD', 'Hoạt động', 0, 0),
(1374, 103, 'A', 10, 'A10', 'STANDARD', 'Hoạt động', 0, 0),
(1375, 103, 'B', 1, 'B1', 'STANDARD', 'Hoạt động', 0, 0),
(1376, 103, 'B', 2, 'B2', 'STANDARD', 'Hoạt động', 0, 0),
(1377, 103, 'B', 3, 'B3', 'STANDARD', 'Hoạt động', 0, 0),
(1378, 103, 'B', 4, 'B4', 'STANDARD', 'Hoạt động', 0, 0),
(1379, 103, 'B', 5, 'B5', 'STANDARD', 'Hoạt động', 0, 0),
(1380, 103, 'B', 6, 'B6', 'STANDARD', 'Hoạt động', 0, 0),
(1381, 103, 'B', 7, 'B7', 'STANDARD', 'Hoạt động', 0, 0),
(1382, 103, 'B', 8, 'B8', 'STANDARD', 'Hoạt động', 0, 0),
(1383, 103, 'B', 9, 'B9', 'STANDARD', 'Hoạt động', 0, 0),
(1384, 103, 'B', 10, 'B10', 'STANDARD', 'Hoạt động', 0, 0),
(1385, 103, 'C', 1, 'C1', 'STANDARD', 'Hoạt động', 0, 0),
(1386, 103, 'C', 2, 'C2', 'STANDARD', 'Hoạt động', 0, 0),
(1387, 103, 'C', 3, 'C3', 'STANDARD', 'Hoạt động', 0, 0),
(1388, 103, 'C', 4, 'C4', 'STANDARD', 'Hoạt động', 0, 0),
(1389, 103, 'C', 5, 'C5', 'STANDARD', 'Hoạt động', 0, 0),
(1390, 103, 'C', 6, 'C6', 'STANDARD', 'Hoạt động', 0, 0),
(1391, 103, 'C', 7, 'C7', 'STANDARD', 'Hoạt động', 0, 0),
(1392, 103, 'C', 8, 'C8', 'STANDARD', 'Hoạt động', 0, 0),
(1393, 103, 'C', 9, 'C9', 'STANDARD', 'Hoạt động', 0, 0),
(1394, 103, 'C', 10, 'C10', 'STANDARD', 'Hoạt động', 0, 0),
(1395, 103, 'D', 1, 'D1', 'STANDARD', 'Hoạt động', 0, 0),
(1396, 103, 'D', 2, 'D2', 'STANDARD', 'Hoạt động', 0, 0),
(1397, 103, 'D', 3, 'D3', 'STANDARD', 'Hoạt động', 0, 0),
(1398, 103, 'D', 4, 'D4', 'STANDARD', 'Hoạt động', 0, 0),
(1399, 103, 'D', 5, 'D5', 'STANDARD', 'Hoạt động', 0, 0),
(1400, 103, 'D', 6, 'D6', 'STANDARD', 'Hoạt động', 0, 0),
(1401, 103, 'D', 7, 'D7', 'STANDARD', 'Hoạt động', 0, 0),
(1402, 103, 'D', 8, 'D8', 'STANDARD', 'Hoạt động', 0, 0),
(1403, 103, 'D', 9, 'D9', 'STANDARD', 'Hoạt động', 0, 0),
(1404, 103, 'D', 10, 'D10', 'STANDARD', 'Hoạt động', 0, 0),
(1405, 103, 'E', 1, 'E1', 'VIP', 'Hoạt động', 0, 0),
(1406, 103, 'E', 2, 'E2', 'VIP', 'Hoạt động', 0, 0),
(1407, 103, 'E', 3, 'E3', 'VIP', 'Hoạt động', 0, 0),
(1408, 103, 'E', 4, 'E4', 'VIP', 'Hoạt động', 0, 0),
(1409, 103, 'E', 5, 'E5', 'VIP', 'Hoạt động', 0, 0),
(1410, 103, 'E', 6, 'E6', 'VIP', 'Hoạt động', 0, 0),
(1411, 103, 'E', 7, 'E7', 'VIP', 'Hoạt động', 0, 0),
(1412, 103, 'E', 8, 'E8', 'VIP', 'Hoạt động', 0, 0),
(1413, 103, 'E', 9, 'E9', 'VIP', 'Hoạt động', 0, 0),
(1414, 103, 'E', 10, 'E10', 'VIP', 'Hoạt động', 0, 0),
(1415, 103, 'F', 1, 'F1', 'VIP', 'Hoạt động', 0, 0),
(1416, 103, 'F', 2, 'F2', 'VIP', 'Hoạt động', 0, 0),
(1417, 103, 'F', 3, 'F3', 'VIP', 'Hoạt động', 0, 0),
(1418, 103, 'F', 4, 'F4', 'VIP', 'Hoạt động', 0, 0),
(1419, 103, 'F', 5, 'F5', 'VIP', 'Hoạt động', 0, 0),
(1420, 103, 'F', 6, 'F6', 'VIP', 'Hoạt động', 0, 0),
(1421, 103, 'F', 7, 'F7', 'VIP', 'Hoạt động', 0, 0),
(1422, 103, 'F', 8, 'F8', 'VIP', 'Hoạt động', 0, 0),
(1423, 103, 'F', 9, 'F9', 'VIP', 'Hoạt động', 0, 0),
(1424, 103, 'F', 10, 'F10', 'VIP', 'Hoạt động', 0, 0),
(1425, 103, 'G', 1, 'G1', 'VIP', 'Hoạt động', 0, 0),
(1426, 103, 'G', 2, 'G2', 'VIP', 'Hoạt động', 0, 0),
(1427, 103, 'G', 3, 'G3', 'VIP', 'Hoạt động', 0, 0),
(1428, 103, 'G', 4, 'G4', 'VIP', 'Hoạt động', 0, 0),
(1429, 103, 'G', 5, 'G5', 'VIP', 'Hoạt động', 0, 0),
(1430, 103, 'G', 6, 'G6', 'VIP', 'Hoạt động', 0, 0),
(1431, 103, 'G', 7, 'G7', 'VIP', 'Hoạt động', 0, 0),
(1432, 103, 'G', 8, 'G8', 'VIP', 'Hoạt động', 0, 0),
(1433, 103, 'G', 9, 'G9', 'VIP', 'Hoạt động', 0, 0),
(1434, 103, 'G', 10, 'G10', 'VIP', 'Hoạt động', 0, 0),
(1435, 103, 'H', 1, 'H1', 'VIP', 'Hoạt động', 0, 0),
(1436, 103, 'H', 2, 'H2', 'VIP', 'Hoạt động', 0, 0),
(1437, 103, 'H', 3, 'H3', 'VIP', 'Hoạt động', 0, 0),
(1438, 103, 'H', 4, 'H4', 'VIP', 'Hoạt động', 0, 0),
(1439, 103, 'H', 5, 'H5', 'VIP', 'Hoạt động', 0, 0),
(1440, 103, 'H', 6, 'H6', 'VIP', 'Hoạt động', 0, 0),
(1441, 103, 'H', 7, 'H7', 'VIP', 'Hoạt động', 0, 0),
(1442, 103, 'H', 8, 'H8', 'VIP', 'Hoạt động', 0, 0),
(1443, 103, 'H', 9, 'H9', 'VIP', 'Hoạt động', 0, 0),
(1444, 103, 'H', 10, 'H10', 'VIP', 'Hoạt động', 0, 0),
(1445, 103, 'I', 1, 'I1', 'VIP', 'Hoạt động', 0, 0),
(1446, 103, 'I', 2, 'I2', 'VIP', 'Hoạt động', 0, 0),
(1447, 103, 'I', 3, 'I3', 'VIP', 'Hoạt động', 0, 0),
(1448, 103, 'I', 4, 'I4', 'VIP', 'Hoạt động', 0, 0),
(1449, 103, 'I', 5, 'I5', 'VIP', 'Hoạt động', 0, 0),
(1450, 103, 'I', 6, 'I6', 'VIP', 'Hoạt động', 0, 0),
(1451, 103, 'I', 7, 'I7', 'VIP', 'Hoạt động', 0, 0),
(1452, 103, 'I', 8, 'I8', 'VIP', 'Hoạt động', 0, 0),
(1453, 103, 'I', 9, 'I9', 'VIP', 'Hoạt động', 0, 0),
(1454, 103, 'I', 10, 'I10', 'VIP', 'Hoạt động', 0, 0),
(1455, 103, 'J', 1, 'J1', 'SWEETBOX', 'Hoạt động', 0, 0),
(1456, 103, 'J', 2, 'J2', 'SWEETBOX', 'Hoạt động', 0, 0),
(1457, 103, 'J', 3, 'J3', 'SWEETBOX', 'Hoạt động', 0, 0),
(1458, 103, 'J', 4, 'J4', 'SWEETBOX', 'Hoạt động', 0, 0),
(1459, 103, 'J', 5, 'J5', 'SWEETBOX', 'Hoạt động', 0, 0),
(1460, 103, 'J', 6, 'J6', 'SWEETBOX', 'Hoạt động', 0, 0),
(1461, 103, 'J', 7, 'J7', 'SWEETBOX', 'Hoạt động', 0, 0),
(1462, 103, 'J', 8, 'J8', 'SWEETBOX', 'Hoạt động', 0, 0),
(1463, 103, 'J', 9, 'J9', 'SWEETBOX', 'Hoạt động', 0, 0),
(1464, 103, 'J', 10, 'J10', 'SWEETBOX', 'Hoạt động', 0, 0),
(1465, 103, 'A', 11, 'A11', 'STANDARD', 'Hoạt động', 0, 0),
(1466, 103, 'A', 12, 'A12', 'STANDARD', 'Hoạt động', 0, 0),
(1467, 103, 'B', 11, 'B11', 'STANDARD', 'Hoạt động', 0, 0),
(1468, 103, 'B', 12, 'B12', 'STANDARD', 'Hoạt động', 0, 0),
(1469, 103, 'C', 11, 'C11', 'STANDARD', 'Hoạt động', 0, 0),
(1470, 103, 'C', 12, 'C12', 'STANDARD', 'Hoạt động', 0, 0),
(1471, 103, 'D', 11, 'D11', 'STANDARD', 'Hoạt động', 0, 0),
(1472, 103, 'D', 12, 'D12', 'STANDARD', 'Hoạt động', 0, 0),
(1473, 103, 'E', 11, 'E11', 'VIP', 'Hoạt động', 0, 0),
(1474, 103, 'E', 12, 'E12', 'VIP', 'Hoạt động', 0, 0),
(1475, 103, 'F', 11, 'F11', 'VIP', 'Hoạt động', 0, 0),
(1476, 103, 'F', 12, 'F12', 'VIP', 'Hoạt động', 0, 0),
(1477, 103, 'G', 11, 'G11', 'VIP', 'Hoạt động', 0, 0),
(1478, 103, 'G', 12, 'G12', 'VIP', 'Hoạt động', 0, 0),
(1479, 103, 'H', 11, 'H11', 'VIP', 'Hoạt động', 0, 0),
(1480, 103, 'H', 12, 'H12', 'VIP', 'Hoạt động', 0, 0),
(1481, 103, 'I', 11, 'I11', 'VIP', 'Hoạt động', 0, 0),
(1482, 103, 'I', 12, 'I12', 'VIP', 'Hoạt động', 0, 0),
(1483, 103, 'J', 11, 'J11', 'SWEETBOX', 'Hoạt động', 0, 0),
(1484, 103, 'J', 12, 'J12', 'SWEETBOX', 'Hoạt động', 0, 0),
(1485, 104, 'A', 1, 'A1', 'STANDARD', 'Hoạt động', 0, 0),
(1486, 104, 'A', 2, 'A2', 'STANDARD', 'Hoạt động', 0, 0),
(1487, 104, 'A', 3, 'A3', 'STANDARD', 'Hoạt động', 0, 0),
(1488, 104, 'A', 4, 'A4', 'STANDARD', 'Hoạt động', 0, 0),
(1489, 104, 'A', 5, 'A5', 'STANDARD', 'Hoạt động', 0, 0),
(1490, 104, 'A', 6, 'A6', 'STANDARD', 'Hoạt động', 0, 0),
(1491, 104, 'A', 7, 'A7', 'STANDARD', 'Hoạt động', 0, 0),
(1492, 104, 'A', 8, 'A8', 'STANDARD', 'Hoạt động', 0, 0),
(1493, 104, 'A', 9, 'A9', 'STANDARD', 'Hoạt động', 0, 0),
(1494, 104, 'A', 10, 'A10', 'STANDARD', 'Hoạt động', 0, 0),
(1495, 104, 'B', 1, 'B1', 'STANDARD', 'Hoạt động', 0, 0),
(1496, 104, 'B', 2, 'B2', 'STANDARD', 'Hoạt động', 0, 0),
(1497, 104, 'B', 3, 'B3', 'STANDARD', 'Hoạt động', 0, 0),
(1498, 104, 'B', 4, 'B4', 'STANDARD', 'Hoạt động', 0, 0),
(1499, 104, 'B', 5, 'B5', 'STANDARD', 'Hoạt động', 0, 0),
(1500, 104, 'B', 6, 'B6', 'STANDARD', 'Hoạt động', 0, 0),
(1501, 104, 'B', 7, 'B7', 'STANDARD', 'Hoạt động', 0, 0),
(1502, 104, 'B', 8, 'B8', 'STANDARD', 'Hoạt động', 0, 0),
(1503, 104, 'B', 9, 'B9', 'STANDARD', 'Hoạt động', 0, 0),
(1504, 104, 'B', 10, 'B10', 'STANDARD', 'Hoạt động', 0, 0),
(1505, 104, 'C', 1, 'C1', 'STANDARD', 'Hoạt động', 0, 0),
(1506, 104, 'C', 2, 'C2', 'STANDARD', 'Hoạt động', 0, 0),
(1507, 104, 'C', 3, 'C3', 'STANDARD', 'Hoạt động', 0, 0),
(1508, 104, 'C', 4, 'C4', 'STANDARD', 'Hoạt động', 0, 0),
(1509, 104, 'C', 5, 'C5', 'STANDARD', 'Hoạt động', 0, 0),
(1510, 104, 'C', 6, 'C6', 'STANDARD', 'Hoạt động', 0, 0),
(1511, 104, 'C', 7, 'C7', 'STANDARD', 'Hoạt động', 0, 0),
(1512, 104, 'C', 8, 'C8', 'STANDARD', 'Hoạt động', 0, 0),
(1513, 104, 'C', 9, 'C9', 'STANDARD', 'Hoạt động', 0, 0),
(1514, 104, 'C', 10, 'C10', 'STANDARD', 'Hoạt động', 0, 0),
(1515, 104, 'D', 1, 'D1', 'VIP', 'Hoạt động', 0, 0),
(1516, 104, 'D', 2, 'D2', 'VIP', 'Hoạt động', 0, 0),
(1517, 104, 'D', 3, 'D3', 'VIP', 'Hoạt động', 0, 0),
(1518, 104, 'D', 4, 'D4', 'VIP', 'Hoạt động', 0, 0),
(1519, 104, 'D', 5, 'D5', 'VIP', 'Hoạt động', 0, 0),
(1520, 104, 'D', 6, 'D6', 'VIP', 'Hoạt động', 0, 0),
(1521, 104, 'D', 7, 'D7', 'VIP', 'Hoạt động', 0, 0),
(1522, 104, 'D', 8, 'D8', 'VIP', 'Hoạt động', 0, 0),
(1523, 104, 'D', 9, 'D9', 'VIP', 'Hoạt động', 0, 0),
(1524, 104, 'D', 10, 'D10', 'VIP', 'Hoạt động', 0, 0),
(1525, 104, 'E', 1, 'E1', 'VIP', 'Hoạt động', 0, 0),
(1526, 104, 'E', 2, 'E2', 'VIP', 'Hoạt động', 0, 0),
(1527, 104, 'E', 3, 'E3', 'VIP', 'Hoạt động', 0, 0),
(1528, 104, 'E', 4, 'E4', 'VIP', 'Hoạt động', 0, 0),
(1529, 104, 'E', 5, 'E5', 'VIP', 'Hoạt động', 0, 0),
(1530, 104, 'E', 6, 'E6', 'VIP', 'Hoạt động', 0, 0),
(1531, 104, 'E', 7, 'E7', 'VIP', 'Hoạt động', 0, 0),
(1532, 104, 'E', 8, 'E8', 'VIP', 'Hoạt động', 0, 0),
(1533, 104, 'E', 9, 'E9', 'VIP', 'Hoạt động', 0, 0),
(1534, 104, 'E', 10, 'E10', 'VIP', 'Hoạt động', 0, 0),
(1535, 104, 'F', 1, 'F1', 'VIP', 'Hoạt động', 0, 0),
(1536, 104, 'F', 2, 'F2', 'VIP', 'Hoạt động', 0, 0),
(1537, 104, 'F', 3, 'F3', 'VIP', 'Hoạt động', 0, 0),
(1538, 104, 'F', 4, 'F4', 'VIP', 'Hoạt động', 0, 0),
(1539, 104, 'F', 5, 'F5', 'VIP', 'Hoạt động', 0, 0),
(1540, 104, 'F', 6, 'F6', 'VIP', 'Hoạt động', 0, 0),
(1541, 104, 'F', 7, 'F7', 'VIP', 'Hoạt động', 0, 0),
(1542, 104, 'F', 8, 'F8', 'VIP', 'Hoạt động', 0, 0),
(1543, 104, 'F', 9, 'F9', 'VIP', 'Hoạt động', 0, 0),
(1544, 104, 'F', 10, 'F10', 'VIP', 'Hoạt động', 0, 0),
(1545, 104, 'G', 1, 'G1', 'VIP', 'Hoạt động', 0, 0),
(1546, 104, 'G', 2, 'G2', 'VIP', 'Hoạt động', 0, 0),
(1547, 104, 'G', 3, 'G3', 'VIP', 'Hoạt động', 0, 0),
(1548, 104, 'G', 4, 'G4', 'VIP', 'Hoạt động', 0, 0),
(1549, 104, 'G', 5, 'G5', 'VIP', 'Hoạt động', 0, 0),
(1550, 104, 'G', 6, 'G6', 'VIP', 'Hoạt động', 0, 0),
(1551, 104, 'G', 7, 'G7', 'VIP', 'Hoạt động', 0, 0),
(1552, 104, 'G', 8, 'G8', 'VIP', 'Hoạt động', 0, 0),
(1553, 104, 'G', 9, 'G9', 'VIP', 'Hoạt động', 0, 0),
(1554, 104, 'G', 10, 'G10', 'VIP', 'Hoạt động', 0, 0),
(1555, 104, 'H', 1, 'H1', 'VIP', 'Hoạt động', 0, 0),
(1556, 104, 'H', 2, 'H2', 'VIP', 'Hoạt động', 0, 0),
(1557, 104, 'H', 3, 'H3', 'VIP', 'Hoạt động', 0, 0),
(1558, 104, 'H', 4, 'H4', 'VIP', 'Hoạt động', 0, 0),
(1559, 104, 'H', 5, 'H5', 'VIP', 'Hoạt động', 0, 0),
(1560, 104, 'H', 6, 'H6', 'VIP', 'Hoạt động', 0, 0),
(1561, 104, 'H', 7, 'H7', 'VIP', 'Hoạt động', 0, 0),
(1562, 104, 'H', 8, 'H8', 'VIP', 'Hoạt động', 0, 0),
(1563, 104, 'H', 9, 'H9', 'VIP', 'Hoạt động', 0, 0),
(1564, 104, 'H', 10, 'H10', 'VIP', 'Hoạt động', 0, 0),
(1565, 104, 'I', 1, 'I1', 'VIP', 'Hoạt động', 0, 0),
(1566, 104, 'I', 2, 'I2', 'VIP', 'Hoạt động', 0, 0),
(1567, 104, 'I', 3, 'I3', 'VIP', 'Hoạt động', 0, 0),
(1568, 104, 'I', 4, 'I4', 'VIP', 'Hoạt động', 0, 0),
(1569, 104, 'I', 5, 'I5', 'VIP', 'Hoạt động', 0, 0),
(1570, 104, 'I', 6, 'I6', 'VIP', 'Hoạt động', 0, 0),
(1571, 104, 'I', 7, 'I7', 'VIP', 'Hoạt động', 0, 0),
(1572, 104, 'I', 8, 'I8', 'VIP', 'Hoạt động', 0, 0),
(1573, 104, 'I', 9, 'I9', 'VIP', 'Hoạt động', 0, 0),
(1574, 104, 'I', 10, 'I10', 'VIP', 'Hoạt động', 0, 0),
(1575, 104, 'J', 1, 'J1', 'SWEETBOX', 'Hoạt động', 0, 0),
(1576, 104, 'J', 2, 'J2', 'SWEETBOX', 'Hoạt động', 0, 0),
(1577, 104, 'J', 3, 'J3', 'SWEETBOX', 'Hoạt động', 0, 0),
(1578, 104, 'J', 4, 'J4', 'SWEETBOX', 'Hoạt động', 0, 0),
(1579, 104, 'J', 5, 'J5', 'SWEETBOX', 'Hoạt động', 0, 0),
(1580, 104, 'J', 6, 'J6', 'SWEETBOX', 'Hoạt động', 0, 0),
(1581, 104, 'J', 7, 'J7', 'SWEETBOX', 'Hoạt động', 0, 0),
(1582, 104, 'J', 8, 'J8', 'SWEETBOX', 'Hoạt động', 0, 0),
(1583, 104, 'J', 9, 'J9', 'SWEETBOX', 'Hoạt động', 0, 0),
(1584, 104, 'J', 10, 'J10', 'SWEETBOX', 'Hoạt động', 0, 0),
(1585, 104, 'A', 11, 'A11', 'STANDARD', 'Hoạt động', 0, 0),
(1586, 104, 'A', 12, 'A12', 'STANDARD', 'Hoạt động', 0, 0),
(1587, 104, 'A', 13, 'A13', 'STANDARD', 'Hoạt động', 0, 0),
(1588, 104, 'A', 14, 'A14', 'STANDARD', 'Hoạt động', 0, 0),
(1589, 104, 'A', 15, 'A15', 'STANDARD', 'Hoạt động', 0, 0),
(1590, 104, 'A', 16, 'A16', 'STANDARD', 'Hoạt động', 0, 0),
(1591, 104, 'A', 17, 'A17', 'STANDARD', 'Hoạt động', 0, 0),
(1592, 104, 'A', 18, 'A18', 'STANDARD', 'Hoạt động', 0, 0),
(1593, 104, 'A', 19, 'A19', 'STANDARD', 'Hoạt động', 0, 0),
(1594, 104, 'A', 20, 'A20', 'STANDARD', 'Hoạt động', 0, 0),
(1595, 104, 'B', 11, 'B11', 'STANDARD', 'Hoạt động', 0, 0),
(1596, 104, 'B', 12, 'B12', 'STANDARD', 'Hoạt động', 0, 0),
(1597, 104, 'B', 13, 'B13', 'STANDARD', 'Hoạt động', 0, 0),
(1598, 104, 'B', 14, 'B14', 'STANDARD', 'Hoạt động', 0, 0),
(1599, 104, 'B', 15, 'B15', 'STANDARD', 'Hoạt động', 0, 0),
(1600, 104, 'B', 16, 'B16', 'STANDARD', 'Hoạt động', 0, 0),
(1601, 104, 'B', 17, 'B17', 'STANDARD', 'Hoạt động', 0, 0),
(1602, 104, 'B', 18, 'B18', 'STANDARD', 'Hoạt động', 0, 0),
(1603, 104, 'B', 19, 'B19', 'STANDARD', 'Hoạt động', 0, 0),
(1604, 104, 'B', 20, 'B20', 'STANDARD', 'Hoạt động', 0, 0),
(1605, 104, 'C', 11, 'C11', 'STANDARD', 'Hoạt động', 0, 0),
(1606, 104, 'C', 12, 'C12', 'STANDARD', 'Hoạt động', 0, 0),
(1607, 104, 'C', 13, 'C13', 'STANDARD', 'Hoạt động', 0, 0),
(1608, 104, 'C', 14, 'C14', 'STANDARD', 'Hoạt động', 0, 0),
(1609, 104, 'C', 15, 'C15', 'STANDARD', 'Hoạt động', 0, 0),
(1610, 104, 'C', 16, 'C16', 'STANDARD', 'Hoạt động', 0, 0),
(1611, 104, 'C', 17, 'C17', 'STANDARD', 'Hoạt động', 0, 0),
(1612, 104, 'C', 18, 'C18', 'STANDARD', 'Hoạt động', 0, 0),
(1613, 104, 'C', 19, 'C19', 'STANDARD', 'Hoạt động', 0, 0),
(1614, 104, 'C', 20, 'C20', 'STANDARD', 'Hoạt động', 0, 0),
(1615, 104, 'D', 11, 'D11', 'VIP', 'Hoạt động', 0, 0),
(1616, 104, 'D', 12, 'D12', 'VIP', 'Hoạt động', 0, 0),
(1617, 104, 'D', 13, 'D13', 'VIP', 'Hoạt động', 0, 0),
(1618, 104, 'D', 14, 'D14', 'VIP', 'Hoạt động', 0, 0),
(1619, 104, 'D', 15, 'D15', 'VIP', 'Hoạt động', 0, 0),
(1620, 104, 'D', 16, 'D16', 'VIP', 'Hoạt động', 0, 0),
(1621, 104, 'D', 17, 'D17', 'VIP', 'Hoạt động', 0, 0),
(1622, 104, 'D', 18, 'D18', 'VIP', 'Hoạt động', 0, 0),
(1623, 104, 'D', 19, 'D19', 'VIP', 'Hoạt động', 0, 0),
(1624, 104, 'D', 20, 'D20', 'VIP', 'Hoạt động', 0, 0),
(1625, 104, 'E', 11, 'E11', 'VIP', 'Hoạt động', 0, 0),
(1626, 104, 'E', 12, 'E12', 'VIP', 'Hoạt động', 0, 0),
(1627, 104, 'E', 13, 'E13', 'VIP', 'Hoạt động', 0, 0),
(1628, 104, 'E', 14, 'E14', 'VIP', 'Hoạt động', 0, 0),
(1629, 104, 'E', 15, 'E15', 'VIP', 'Hoạt động', 0, 0),
(1630, 104, 'E', 16, 'E16', 'VIP', 'Hoạt động', 0, 0),
(1631, 104, 'E', 17, 'E17', 'VIP', 'Hoạt động', 0, 0),
(1632, 104, 'E', 18, 'E18', 'VIP', 'Hoạt động', 0, 0),
(1633, 104, 'E', 19, 'E19', 'VIP', 'Hoạt động', 0, 0),
(1634, 104, 'E', 20, 'E20', 'VIP', 'Hoạt động', 0, 0),
(1635, 104, 'F', 11, 'F11', 'VIP', 'Hoạt động', 0, 0),
(1636, 104, 'F', 12, 'F12', 'VIP', 'Hoạt động', 0, 0),
(1637, 104, 'F', 13, 'F13', 'VIP', 'Hoạt động', 0, 0),
(1638, 104, 'F', 14, 'F14', 'VIP', 'Hoạt động', 0, 0),
(1639, 104, 'F', 15, 'F15', 'VIP', 'Hoạt động', 0, 0),
(1640, 104, 'F', 16, 'F16', 'VIP', 'Hoạt động', 0, 0),
(1641, 104, 'F', 17, 'F17', 'VIP', 'Hoạt động', 0, 0),
(1642, 104, 'F', 18, 'F18', 'VIP', 'Hoạt động', 0, 0),
(1643, 104, 'F', 19, 'F19', 'VIP', 'Hoạt động', 0, 0),
(1644, 104, 'F', 20, 'F20', 'VIP', 'Hoạt động', 0, 0),
(1645, 104, 'G', 11, 'G11', 'VIP', 'Hoạt động', 0, 0),
(1646, 104, 'G', 12, 'G12', 'VIP', 'Hoạt động', 0, 0),
(1647, 104, 'G', 13, 'G13', 'VIP', 'Hoạt động', 0, 0),
(1648, 104, 'G', 14, 'G14', 'VIP', 'Hoạt động', 0, 0),
(1649, 104, 'G', 15, 'G15', 'VIP', 'Hoạt động', 0, 0),
(1650, 104, 'G', 16, 'G16', 'VIP', 'Hoạt động', 0, 0),
(1651, 104, 'G', 17, 'G17', 'VIP', 'Hoạt động', 0, 0),
(1652, 104, 'G', 18, 'G18', 'VIP', 'Hoạt động', 0, 0),
(1653, 104, 'G', 19, 'G19', 'VIP', 'Hoạt động', 0, 0),
(1654, 104, 'G', 20, 'G20', 'VIP', 'Hoạt động', 0, 0),
(1655, 104, 'H', 11, 'H11', 'VIP', 'Hoạt động', 0, 0),
(1656, 104, 'H', 12, 'H12', 'VIP', 'Hoạt động', 0, 0),
(1657, 104, 'H', 13, 'H13', 'VIP', 'Hoạt động', 0, 0),
(1658, 104, 'H', 14, 'H14', 'VIP', 'Hoạt động', 0, 0),
(1659, 104, 'H', 15, 'H15', 'VIP', 'Hoạt động', 0, 0),
(1660, 104, 'H', 16, 'H16', 'VIP', 'Hoạt động', 0, 0),
(1661, 104, 'H', 17, 'H17', 'VIP', 'Hoạt động', 0, 0),
(1662, 104, 'H', 18, 'H18', 'VIP', 'Hoạt động', 0, 0),
(1663, 104, 'H', 19, 'H19', 'VIP', 'Hoạt động', 0, 0),
(1664, 104, 'H', 20, 'H20', 'VIP', 'Hoạt động', 0, 0),
(1665, 104, 'I', 11, 'I11', 'VIP', 'Hoạt động', 0, 0),
(1666, 104, 'I', 12, 'I12', 'VIP', 'Hoạt động', 0, 0),
(1667, 104, 'I', 13, 'I13', 'VIP', 'Hoạt động', 0, 0),
(1668, 104, 'I', 14, 'I14', 'VIP', 'Hoạt động', 0, 0),
(1669, 104, 'I', 15, 'I15', 'VIP', 'Hoạt động', 0, 0),
(1670, 104, 'I', 16, 'I16', 'VIP', 'Hoạt động', 0, 0),
(1671, 104, 'I', 17, 'I17', 'VIP', 'Hoạt động', 0, 0),
(1672, 104, 'I', 18, 'I18', 'VIP', 'Hoạt động', 0, 0),
(1673, 104, 'I', 19, 'I19', 'VIP', 'Hoạt động', 0, 0),
(1674, 104, 'I', 20, 'I20', 'VIP', 'Hoạt động', 0, 0),
(1675, 104, 'J', 11, 'J11', 'SWEETBOX', 'Hoạt động', 0, 0),
(1676, 104, 'J', 12, 'J12', 'SWEETBOX', 'Hoạt động', 0, 0),
(1677, 104, 'J', 13, 'J13', 'SWEETBOX', 'Hoạt động', 0, 0),
(1678, 104, 'J', 14, 'J14', 'SWEETBOX', 'Hoạt động', 0, 0),
(1679, 104, 'J', 15, 'J15', 'SWEETBOX', 'Hoạt động', 0, 0),
(1680, 104, 'J', 16, 'J16', 'SWEETBOX', 'Hoạt động', 0, 0),
(1681, 104, 'J', 17, 'J17', 'SWEETBOX', 'Hoạt động', 0, 0),
(1682, 104, 'J', 18, 'J18', 'SWEETBOX', 'Hoạt động', 0, 0),
(1683, 104, 'J', 19, 'J19', 'SWEETBOX', 'Hoạt động', 0, 0),
(1684, 104, 'J', 20, 'J20', 'SWEETBOX', 'Hoạt động', 0, 0),
(1685, 104, 'J', 21, 'J21', 'SWEETBOX', 'Hoạt động', 0, 0),
(1686, 104, 'J', 22, 'J22', 'SWEETBOX', 'Hoạt động', 0, 0),
(1787, 105, 'A', 1, 'A1', 'STANDARD', 'Hoạt động', 0, 0),
(1788, 105, 'A', 2, 'A2', 'STANDARD', 'Hoạt động', 0, 0),
(1789, 105, 'A', 3, 'A3', 'STANDARD', 'Hoạt động', 0, 0),
(1790, 105, 'A', 4, 'A4', 'STANDARD', 'Hoạt động', 0, 0),
(1791, 105, 'A', 5, 'A5', 'STANDARD', 'Hoạt động', 0, 0),
(1792, 105, 'A', 6, 'A6', 'STANDARD', 'Hoạt động', 0, 0),
(1793, 105, 'A', 7, 'A7', 'STANDARD', 'Hoạt động', 0, 0),
(1794, 105, 'A', 8, 'A8', 'STANDARD', 'Hoạt động', 0, 0),
(1795, 105, 'A', 9, 'A9', 'STANDARD', 'Hoạt động', 0, 0),
(1796, 105, 'A', 10, 'A10', 'STANDARD', 'Hoạt động', 0, 0),
(1797, 105, 'B', 1, 'B1', 'STANDARD', 'Hoạt động', 0, 0),
(1798, 105, 'B', 2, 'B2', 'STANDARD', 'Hoạt động', 0, 0),
(1799, 105, 'B', 3, 'B3', 'STANDARD', 'Hoạt động', 0, 0),
(1800, 105, 'B', 4, 'B4', 'STANDARD', 'Hoạt động', 0, 0),
(1801, 105, 'B', 5, 'B5', 'STANDARD', 'Hoạt động', 0, 0),
(1802, 105, 'B', 6, 'B6', 'STANDARD', 'Hoạt động', 0, 0),
(1803, 105, 'B', 7, 'B7', 'STANDARD', 'Hoạt động', 0, 0),
(1804, 105, 'B', 8, 'B8', 'STANDARD', 'Hoạt động', 0, 0),
(1805, 105, 'B', 9, 'B9', 'STANDARD', 'Hoạt động', 0, 0),
(1806, 105, 'B', 10, 'B10', 'STANDARD', 'Hoạt động', 0, 0),
(1807, 105, 'C', 1, 'C1', 'STANDARD', 'Hoạt động', 0, 0),
(1808, 105, 'C', 2, 'C2', 'STANDARD', 'Hoạt động', 0, 0),
(1809, 105, 'C', 3, 'C3', 'STANDARD', 'Hoạt động', 0, 0),
(1810, 105, 'C', 4, 'C4', 'STANDARD', 'Hoạt động', 0, 0),
(1811, 105, 'C', 5, 'C5', 'STANDARD', 'Hoạt động', 0, 0),
(1812, 105, 'C', 6, 'C6', 'STANDARD', 'Hoạt động', 0, 0),
(1813, 105, 'C', 7, 'C7', 'STANDARD', 'Hoạt động', 0, 0),
(1814, 105, 'C', 8, 'C8', 'STANDARD', 'Hoạt động', 0, 0),
(1815, 105, 'C', 9, 'C9', 'STANDARD', 'Hoạt động', 0, 0),
(1816, 105, 'C', 10, 'C10', 'STANDARD', 'Hoạt động', 0, 0),
(1817, 105, 'D', 1, 'D1', 'STANDARD', 'Hoạt động', 0, 0),
(1818, 105, 'D', 2, 'D2', 'STANDARD', 'Hoạt động', 0, 0),
(1819, 105, 'D', 3, 'D3', 'STANDARD', 'Hoạt động', 0, 0),
(1820, 105, 'D', 4, 'D4', 'STANDARD', 'Hoạt động', 0, 0),
(1821, 105, 'D', 5, 'D5', 'STANDARD', 'Hoạt động', 0, 0),
(1822, 105, 'D', 6, 'D6', 'STANDARD', 'Hoạt động', 0, 0),
(1823, 105, 'D', 7, 'D7', 'STANDARD', 'Hoạt động', 0, 0),
(1824, 105, 'D', 8, 'D8', 'STANDARD', 'Hoạt động', 0, 0),
(1825, 105, 'D', 9, 'D9', 'STANDARD', 'Hoạt động', 0, 0),
(1826, 105, 'D', 10, 'D10', 'STANDARD', 'Hoạt động', 0, 0),
(1827, 105, 'E', 1, 'E1', 'VIP', 'Hoạt động', 0, 0),
(1828, 105, 'E', 2, 'E2', 'VIP', 'Hoạt động', 0, 0),
(1829, 105, 'E', 3, 'E3', 'VIP', 'Hoạt động', 0, 0),
(1830, 105, 'E', 4, 'E4', 'VIP', 'Hoạt động', 0, 0),
(1831, 105, 'E', 5, 'E5', 'VIP', 'Hoạt động', 0, 0),
(1832, 105, 'E', 6, 'E6', 'VIP', 'Hoạt động', 0, 0),
(1833, 105, 'E', 7, 'E7', 'VIP', 'Hoạt động', 0, 0),
(1834, 105, 'E', 8, 'E8', 'VIP', 'Hoạt động', 0, 0),
(1835, 105, 'E', 9, 'E9', 'VIP', 'Hoạt động', 0, 0),
(1836, 105, 'E', 10, 'E10', 'VIP', 'Hoạt động', 0, 0),
(1837, 105, 'F', 1, 'F1', 'VIP', 'Hoạt động', 0, 0),
(1838, 105, 'F', 2, 'F2', 'VIP', 'Hoạt động', 0, 0),
(1839, 105, 'F', 3, 'F3', 'VIP', 'Hoạt động', 0, 0),
(1840, 105, 'F', 4, 'F4', 'VIP', 'Hoạt động', 0, 0),
(1841, 105, 'F', 5, 'F5', 'VIP', 'Hoạt động', 0, 0),
(1842, 105, 'F', 6, 'F6', 'VIP', 'Hoạt động', 0, 0),
(1843, 105, 'F', 7, 'F7', 'VIP', 'Hoạt động', 0, 0),
(1844, 105, 'F', 8, 'F8', 'VIP', 'Hoạt động', 0, 0),
(1845, 105, 'F', 9, 'F9', 'VIP', 'Hoạt động', 0, 0),
(1846, 105, 'F', 10, 'F10', 'VIP', 'Hoạt động', 0, 0),
(1847, 105, 'G', 1, 'G1', 'VIP', 'Hoạt động', 0, 0),
(1848, 105, 'G', 2, 'G2', 'VIP', 'Hoạt động', 0, 0),
(1849, 105, 'G', 3, 'G3', 'VIP', 'Hoạt động', 0, 0),
(1850, 105, 'G', 4, 'G4', 'VIP', 'Hoạt động', 0, 0),
(1851, 105, 'G', 5, 'G5', 'VIP', 'Hoạt động', 0, 0),
(1852, 105, 'G', 6, 'G6', 'VIP', 'Hoạt động', 0, 0),
(1853, 105, 'G', 7, 'G7', 'VIP', 'Hoạt động', 0, 0),
(1854, 105, 'G', 8, 'G8', 'VIP', 'Hoạt động', 0, 0),
(1855, 105, 'G', 9, 'G9', 'VIP', 'Hoạt động', 0, 0),
(1856, 105, 'G', 10, 'G10', 'VIP', 'Hoạt động', 0, 0),
(1857, 105, 'H', 1, 'H1', 'VIP', 'Hoạt động', 0, 0),
(1858, 105, 'H', 2, 'H2', 'VIP', 'Hoạt động', 0, 0),
(1859, 105, 'H', 3, 'H3', 'VIP', 'Hoạt động', 0, 0),
(1860, 105, 'H', 4, 'H4', 'VIP', 'Hoạt động', 0, 0),
(1861, 105, 'H', 5, 'H5', 'VIP', 'Hoạt động', 0, 0),
(1862, 105, 'H', 6, 'H6', 'VIP', 'Hoạt động', 0, 0),
(1863, 105, 'H', 7, 'H7', 'VIP', 'Hoạt động', 0, 0),
(1864, 105, 'H', 8, 'H8', 'VIP', 'Hoạt động', 0, 0),
(1865, 105, 'H', 9, 'H9', 'VIP', 'Hoạt động', 0, 0),
(1866, 105, 'H', 10, 'H10', 'VIP', 'Hoạt động', 0, 0),
(1867, 105, 'I', 1, 'I1', 'VIP', 'Hoạt động', 0, 0),
(1868, 105, 'I', 2, 'I2', 'VIP', 'Hoạt động', 0, 0),
(1869, 105, 'I', 3, 'I3', 'VIP', 'Hoạt động', 0, 0);
INSERT INTO `ghe` (`ma_ghe`, `ma_phong`, `hang`, `cot`, `so_ghe`, `loai_ghe`, `trang_thai`, `has_aisle`, `has_aisle_horizontal`) VALUES
(1870, 105, 'I', 4, 'I4', 'VIP', 'Hoạt động', 0, 0),
(1871, 105, 'I', 5, 'I5', 'VIP', 'Hoạt động', 0, 0),
(1872, 105, 'I', 6, 'I6', 'VIP', 'Hoạt động', 0, 0),
(1873, 105, 'I', 7, 'I7', 'VIP', 'Hoạt động', 0, 0),
(1874, 105, 'I', 8, 'I8', 'VIP', 'Hoạt động', 0, 0),
(1875, 105, 'I', 9, 'I9', 'VIP', 'Hoạt động', 0, 0),
(1876, 105, 'I', 10, 'I10', 'VIP', 'Hoạt động', 0, 0),
(1877, 105, 'J', 1, 'J1', 'SWEETBOX', 'Hoạt động', 0, 0),
(1878, 105, 'J', 2, 'J2', 'SWEETBOX', 'Hoạt động', 0, 0),
(1879, 105, 'J', 3, 'J3', 'SWEETBOX', 'Hoạt động', 0, 0),
(1880, 105, 'J', 4, 'J4', 'SWEETBOX', 'Hoạt động', 0, 0),
(1881, 105, 'J', 5, 'J5', 'SWEETBOX', 'Hoạt động', 0, 0),
(1882, 105, 'J', 6, 'J6', 'SWEETBOX', 'Hoạt động', 0, 0),
(1883, 105, 'J', 7, 'J7', 'SWEETBOX', 'Hoạt động', 0, 0),
(1884, 105, 'J', 8, 'J8', 'SWEETBOX', 'Hoạt động', 0, 0),
(1885, 105, 'J', 9, 'J9', 'SWEETBOX', 'Hoạt động', 0, 0),
(1886, 105, 'J', 10, 'J10', 'SWEETBOX', 'Hoạt động', 0, 0);

-- --------------------------------------------------------

--
-- Cấu trúc bảng cho bảng `hoa_don`
--

CREATE TABLE `hoa_don` (
  `ma_hd` int(11) NOT NULL,
  `ngay_lap` datetime DEFAULT current_timestamp(),
  `tong_tien` decimal(12,2) NOT NULL DEFAULT 0.00,
  `ma_kh` int(11) DEFAULT NULL,
  `ma_nv` int(11) DEFAULT NULL
) ENGINE=InnoDB DEFAULT CHARSET=utf8mb4 COLLATE=utf8mb4_general_ci;

--
-- Đang đổ dữ liệu cho bảng `hoa_don`
--

INSERT INTO `hoa_don` (`ma_hd`, `ngay_lap`, `tong_tien`, `ma_kh`, `ma_nv`) VALUES
(1, '2026-03-25 13:45:00', 215000.00, 2, 1),
(2, '2026-03-26 09:50:00', 265000.00, 3, 1);

-- --------------------------------------------------------

--
-- Cấu trúc bảng cho bảng `khach_hang`
--

CREATE TABLE `khach_hang` (
  `ma_kh` int(11) NOT NULL,
  `ten_kh` varchar(100) DEFAULT NULL,
  `email` varchar(100) DEFAULT NULL,
  `so_dien_thoai` varchar(20) DEFAULT NULL,
  `ngay_sinh` date DEFAULT NULL,
  `gioi_tinh` varchar(10) DEFAULT NULL,
  `dia_chi` varchar(255) DEFAULT NULL,
  `ngay_dang_ky` datetime DEFAULT current_timestamp(),
  `hang_thanh_vien` varchar(20) DEFAULT NULL,
  `diem_tich_luy` int(11) DEFAULT 0,
  `trang_thai` varchar(20) DEFAULT NULL,
  `mat_khau` varchar(255) DEFAULT NULL
) ENGINE=InnoDB DEFAULT CHARSET=utf8mb4 COLLATE=utf8mb4_general_ci;

--
-- Đang đổ dữ liệu cho bảng `khach_hang`
--

INSERT INTO `khach_hang` (`ma_kh`, `ten_kh`, `email`, `so_dien_thoai`, `ngay_sinh`, `gioi_tinh`, `dia_chi`, `ngay_dang_ky`, `hang_thanh_vien`, `diem_tich_luy`, `trang_thai`, `mat_khau`) VALUES
(2, 'Nguyen Van AB', 'ab@gmail.com', '0901234567', '2000-05-12', 'Nữ', 'Ha Noi', '2026-03-03 00:33:03', 'Standard', 0, 'Hoạt động', '$2b$10$sdp.J4USXIMEYngSGNq2SOankZzdT4NmMLLOOsrbFcaWtOfhmQrQO'),
(3, 'test', 'test@gmail.com', '0901234567', '2000-05-17', 'Nam', 'Ha Noi', '2026-03-20 00:34:20', 'Standard', 0, 'Đã hủy', '$2b$10$.mMrVb2UKNLdwz6GrHfL0OHStiI68VNIqVRFqKgLZLK0v6t4y9/vO'),
(4, 'Tiên Thủy', 'moonnee2511@gmail.com', '0862018150', '2026-03-05', 'Nữ', 'ha noi', '2026-03-20 01:29:06', 'Standard', 0, 'Hoạt động', '$2b$10$TJRm4K9uWSbC3n1HVp3h1ORqTsqisCTx4IxPP8Bm8l1z/B8Nq7iti'),
(6, 'Nguyễn Lê Thủy Tiên', 'munmun25@gmail.com', '0934819319', '2004-11-25', 'Nữ', 'Hà Nội', '2026-03-26 17:34:24', 'VIP', 0, 'Hoạt động', '$2b$10$JuqdPNMh.4u2vgFdIyARqeds3UGtE6XR0I/0nh9Go9AhqWSoBVG7i');

-- --------------------------------------------------------

--
-- Cấu trúc bảng cho bảng `nhan_vien`
--

CREATE TABLE `nhan_vien` (
  `ma_nv` int(11) NOT NULL,
  `ho_ten` varchar(100) NOT NULL,
  `ngay_sinh` date DEFAULT NULL,
  `dia_chi` varchar(255) DEFAULT NULL,
  `so_dien_thoai` varchar(11) NOT NULL,
  `email` varchar(100) DEFAULT NULL,
  `anh_dai_dien` varchar(255) DEFAULT NULL,
  `ma_tk` int(11) DEFAULT NULL,
  `trang_thai` enum('Còn làm','Nghỉ làm') NOT NULL DEFAULT 'Còn làm'
) ENGINE=InnoDB DEFAULT CHARSET=utf8mb4 COLLATE=utf8mb4_general_ci;

--
-- Đang đổ dữ liệu cho bảng `nhan_vien`
--

INSERT INTO `nhan_vien` (`ma_nv`, `ho_ten`, `ngay_sinh`, `dia_chi`, `so_dien_thoai`, `email`, `anh_dai_dien`, `ma_tk`, `trang_thai`) VALUES
(1, 'Thủy Tiên', '2004-02-05', 'Hà Nội', '0943829123', 'munnee2511@gmail.com', NULL, NULL, 'Còn làm');

-- --------------------------------------------------------

--
-- Cấu trúc bảng cho bảng `phim`
--

CREATE TABLE `phim` (
  `ma_phim` int(11) NOT NULL,
  `ten_phim` varchar(200) NOT NULL,
  `the_loai` varchar(100) DEFAULT NULL,
  `thoi_luong` int(11) DEFAULT NULL,
  `ngay_khoi_chieu` date DEFAULT NULL,
  `mo_ta` text DEFAULT NULL,
  `anh_poster` varchar(255) DEFAULT NULL,
  `link_trailer` varchar(255) DEFAULT NULL,
  `do_tuoi_gioi_han` enum('P','K','T13','T16','T18') NOT NULL,
  `nuoc_san_xuat` varchar(100) DEFAULT NULL,
  `tinh_trang` enum('Đang chiếu','Sắp chiếu','Ngừng chiếu') NOT NULL
) ENGINE=InnoDB DEFAULT CHARSET=utf8mb4 COLLATE=utf8mb4_general_ci;

--
-- Đang đổ dữ liệu cho bảng `phim`
--

INSERT INTO `phim` (`ma_phim`, `ten_phim`, `the_loai`, `thoi_luong`, `ngay_khoi_chieu`, `mo_ta`, `anh_poster`, `link_trailer`, `do_tuoi_gioi_han`, `nuoc_san_xuat`, `tinh_trang`) VALUES
(1, 'Kungfu Panda 4', 'Hoạt Hình, Hài', 94, '2026-03-08', NULL, NULL, NULL, 'P', NULL, 'Đang chiếu'),
(2, 'Mai', 'Tâm lý', 131, '2026-02-10', NULL, NULL, NULL, 'T18', NULL, 'Đang chiếu'),
(3, 'Dune: Hành Tinh Cát 2', 'Hành động, Viễn tưởng', 166, '2026-03-01', NULL, NULL, NULL, 'T16', NULL, 'Đang chiếu');

-- --------------------------------------------------------

--
-- Cấu trúc bảng cho bảng `phong_chieu`
--

CREATE TABLE `phong_chieu` (
  `ma_phong` int(11) NOT NULL,
  `ten_phong` varchar(50) NOT NULL,
  `so_ghe` int(11) NOT NULL,
  `loai_phong` enum('2D','3D','IMAX','SCREENX','4DX') DEFAULT '2D',
  `trang_thai` enum('Hoạt động','Không hoạt động','Bảo trì') NOT NULL
) ENGINE=InnoDB DEFAULT CHARSET=utf8mb4 COLLATE=utf8mb4_general_ci;

--
-- Đang đổ dữ liệu cho bảng `phong_chieu`
--

INSERT INTO `phong_chieu` (`ma_phong`, `ten_phong`, `so_ghe`, `loai_phong`, `trang_thai`) VALUES
(100, 'Phòng chiếu 01', 102, '3D', 'Bảo trì'),
(101, 'Phòng chiếu 02', 89, '2D', 'Hoạt động'),
(102, 'Phòng chiếu 03', 330, 'IMAX', 'Hoạt động'),
(103, 'Phòng chiếu 04', 120, '2D', 'Không hoạt động'),
(104, 'Phòng chiếu 05', 202, 'SCREENX', 'Hoạt động'),
(105, 'Phòng chiếu 06', 100, '4DX', 'Hoạt động');

-- --------------------------------------------------------

--
-- Cấu trúc bảng cho bảng `san_pham`
--

CREATE TABLE `san_pham` (
  `ma_sp` int(11) NOT NULL,
  `ten_sp` varchar(100) NOT NULL,
  `loai_sp` enum('Combo','Đồ ăn','Nước uống') NOT NULL,
  `gia_ban` decimal(10,2) NOT NULL,
  `anh_san_pham` varchar(255) DEFAULT NULL,
  `trang_thai` enum('Còn bán','Ngừng bán') NOT NULL
) ENGINE=InnoDB DEFAULT CHARSET=utf8mb4 COLLATE=utf8mb4_general_ci;

--
-- Đang đổ dữ liệu cho bảng `san_pham`
--

INSERT INTO `san_pham` (`ma_sp`, `ten_sp`, `loai_sp`, `gia_ban`, `anh_san_pham`, `trang_thai`) VALUES
(1, 'Combo 1 Bắp 1 Nước', 'Combo', 65000.00, NULL, 'Còn bán'),
(2, 'Bắp phô mai lớn', 'Đồ ăn', 55000.00, NULL, 'Còn bán'),
(3, 'Nước ngọt lớn', 'Nước uống', 35000.00, NULL, 'Còn bán'),
(4, 'Combo Couple (1 Bắp lớn 2 Nước)', 'Combo', 85000.00, NULL, 'Còn bán');

-- --------------------------------------------------------

--
-- Cấu trúc bảng cho bảng `suat_chieu`
--

CREATE TABLE `suat_chieu` (
  `ma_suat_chieu` int(11) NOT NULL,
  `ma_phim` int(11) NOT NULL,
  `ma_phong` int(11) NOT NULL,
  `ngay_chieu` date NOT NULL,
  `gio_chieu` time NOT NULL,
  `gio_ket_thuc` time NOT NULL,
  `trang_thai` enum('Chưa chiếu','Đang chiếu','Đã chiếu') NOT NULL
) ENGINE=InnoDB DEFAULT CHARSET=utf8mb4 COLLATE=utf8mb4_general_ci;

-- --------------------------------------------------------

--
-- Cấu trúc bảng cho bảng `tai_khoan`
--

CREATE TABLE `tai_khoan` (
  `ma_tk` int(11) NOT NULL,
  `ten_dang_nhap` varchar(50) NOT NULL,
  `mat_khau` varchar(255) NOT NULL,
  `vai_tro` enum('QUAN_LY','NHAN_VIEN') NOT NULL,
  `trang_thai` tinyint(1) DEFAULT 1
) ENGINE=InnoDB DEFAULT CHARSET=utf8mb4 COLLATE=utf8mb4_general_ci;

--
-- Đang đổ dữ liệu cho bảng `tai_khoan`
--

INSERT INTO `tai_khoan` (`ma_tk`, `ten_dang_nhap`, `mat_khau`, `vai_tro`, `trang_thai`) VALUES
(1, 'admin', '$2b$10$EhaZdbnpt9o3MKkr3cOfq.2lUrsrwD6X4S8mveL89MeIOOQ7o9xNu', 'QUAN_LY', 1);

-- --------------------------------------------------------

--
-- Cấu trúc bảng cho bảng `ve`
--

CREATE TABLE `ve` (
  `ma_ve` int(11) NOT NULL,
  `ma_suat_chieu` int(11) NOT NULL,
  `ma_ghe` int(11) NOT NULL,
  `gia_ve` decimal(10,2) NOT NULL,
  `ma_hd` int(11) DEFAULT NULL,
  `trang_thai` enum('CHO_THANH_TOAN','DA_THANH_TOAN','DA_HUY','KHONG_THANH_TOAN') DEFAULT 'CHO_THANH_TOAN'
) ENGINE=InnoDB DEFAULT CHARSET=utf8mb4 COLLATE=utf8mb4_general_ci;

--
-- Chỉ mục cho các bảng đã đổ
--

--
-- Chỉ mục cho bảng `chi_tiet_hoa_don_sp`
--
ALTER TABLE `chi_tiet_hoa_don_sp`
  ADD PRIMARY KEY (`ma_ct`),
  ADD KEY `fk_ct_sp` (`ma_sp`),
  ADD KEY `fk_ct_hd` (`ma_hd`);

--
-- Chỉ mục cho bảng `ghe`
--
ALTER TABLE `ghe`
  ADD PRIMARY KEY (`ma_ghe`),
  ADD KEY `fk_ghe_phong` (`ma_phong`);

--
-- Chỉ mục cho bảng `hoa_don`
--
ALTER TABLE `hoa_don`
  ADD PRIMARY KEY (`ma_hd`),
  ADD KEY `fk_hd_kh` (`ma_kh`),
  ADD KEY `fk_hd_nv` (`ma_nv`);

--
-- Chỉ mục cho bảng `khach_hang`
--
ALTER TABLE `khach_hang`
  ADD PRIMARY KEY (`ma_kh`);

--
-- Chỉ mục cho bảng `nhan_vien`
--
ALTER TABLE `nhan_vien`
  ADD PRIMARY KEY (`ma_nv`),
  ADD KEY `fk_nv_tk` (`ma_tk`);

--
-- Chỉ mục cho bảng `phim`
--
ALTER TABLE `phim`
  ADD PRIMARY KEY (`ma_phim`);

--
-- Chỉ mục cho bảng `phong_chieu`
--
ALTER TABLE `phong_chieu`
  ADD PRIMARY KEY (`ma_phong`);

--
-- Chỉ mục cho bảng `san_pham`
--
ALTER TABLE `san_pham`
  ADD PRIMARY KEY (`ma_sp`);

--
-- Chỉ mục cho bảng `suat_chieu`
--
ALTER TABLE `suat_chieu`
  ADD PRIMARY KEY (`ma_suat_chieu`),
  ADD KEY `fk_suat_phim` (`ma_phim`),
  ADD KEY `fk_suat_phong` (`ma_phong`);

--
-- Chỉ mục cho bảng `tai_khoan`
--
ALTER TABLE `tai_khoan`
  ADD PRIMARY KEY (`ma_tk`),
  ADD UNIQUE KEY `ten_dang_nhap` (`ten_dang_nhap`);

--
-- Chỉ mục cho bảng `ve`
--
ALTER TABLE `ve`
  ADD PRIMARY KEY (`ma_ve`),
  ADD KEY `fk_ve_suat` (`ma_suat_chieu`),
  ADD KEY `fk_ve_hd` (`ma_hd`),
  ADD KEY `fk_ve_ghe` (`ma_ghe`);

--
-- AUTO_INCREMENT cho các bảng đã đổ
--

--
-- AUTO_INCREMENT cho bảng `chi_tiet_hoa_don_sp`
--
ALTER TABLE `chi_tiet_hoa_don_sp`
  MODIFY `ma_ct` int(11) NOT NULL AUTO_INCREMENT, AUTO_INCREMENT=4;

--
-- AUTO_INCREMENT cho bảng `ghe`
--
ALTER TABLE `ghe`
  MODIFY `ma_ghe` int(11) NOT NULL AUTO_INCREMENT, AUTO_INCREMENT=1887;

--
-- AUTO_INCREMENT cho bảng `hoa_don`
--
ALTER TABLE `hoa_don`
  MODIFY `ma_hd` int(11) NOT NULL AUTO_INCREMENT, AUTO_INCREMENT=4;

--
-- AUTO_INCREMENT cho bảng `khach_hang`
--
ALTER TABLE `khach_hang`
  MODIFY `ma_kh` int(11) NOT NULL AUTO_INCREMENT, AUTO_INCREMENT=7;

--
-- AUTO_INCREMENT cho bảng `nhan_vien`
--
ALTER TABLE `nhan_vien`
  MODIFY `ma_nv` int(11) NOT NULL AUTO_INCREMENT, AUTO_INCREMENT=2;

--
-- AUTO_INCREMENT cho bảng `phim`
--
ALTER TABLE `phim`
  MODIFY `ma_phim` int(11) NOT NULL AUTO_INCREMENT, AUTO_INCREMENT=4;

--
-- AUTO_INCREMENT cho bảng `phong_chieu`
--
ALTER TABLE `phong_chieu`
  MODIFY `ma_phong` int(11) NOT NULL AUTO_INCREMENT, AUTO_INCREMENT=106;

--
-- AUTO_INCREMENT cho bảng `san_pham`
--
ALTER TABLE `san_pham`
  MODIFY `ma_sp` int(11) NOT NULL AUTO_INCREMENT, AUTO_INCREMENT=5;

--
-- AUTO_INCREMENT cho bảng `suat_chieu`
--
ALTER TABLE `suat_chieu`
  MODIFY `ma_suat_chieu` int(11) NOT NULL AUTO_INCREMENT, AUTO_INCREMENT=4;

--
-- AUTO_INCREMENT cho bảng `tai_khoan`
--
ALTER TABLE `tai_khoan`
  MODIFY `ma_tk` int(11) NOT NULL AUTO_INCREMENT, AUTO_INCREMENT=2;

--
-- AUTO_INCREMENT cho bảng `ve`
--
ALTER TABLE `ve`
  MODIFY `ma_ve` int(11) NOT NULL AUTO_INCREMENT, AUTO_INCREMENT=8;

--
-- Các ràng buộc cho các bảng đã đổ
--

--
-- Các ràng buộc cho bảng `chi_tiet_hoa_don_sp`
--
ALTER TABLE `chi_tiet_hoa_don_sp`
  ADD CONSTRAINT `fk_ct_hd` FOREIGN KEY (`ma_hd`) REFERENCES `hoa_don` (`ma_hd`) ON DELETE CASCADE,
  ADD CONSTRAINT `fk_ct_sp` FOREIGN KEY (`ma_sp`) REFERENCES `san_pham` (`ma_sp`);

--
-- Các ràng buộc cho bảng `ghe`
--
ALTER TABLE `ghe`
  ADD CONSTRAINT `fk_ghe_phong` FOREIGN KEY (`ma_phong`) REFERENCES `phong_chieu` (`ma_phong`) ON DELETE CASCADE ON UPDATE CASCADE;

--
-- Các ràng buộc cho bảng `hoa_don`
--
ALTER TABLE `hoa_don`
  ADD CONSTRAINT `fk_hd_kh` FOREIGN KEY (`ma_kh`) REFERENCES `khach_hang` (`ma_kh`) ON DELETE SET NULL,
  ADD CONSTRAINT `fk_hd_nv` FOREIGN KEY (`ma_nv`) REFERENCES `nhan_vien` (`ma_nv`) ON DELETE SET NULL;

--
-- Các ràng buộc cho bảng `nhan_vien`
--
ALTER TABLE `nhan_vien`
  ADD CONSTRAINT `fk_nv_tk` FOREIGN KEY (`ma_tk`) REFERENCES `tai_khoan` (`ma_tk`) ON DELETE CASCADE;

--
-- Các ràng buộc cho bảng `suat_chieu`
--
ALTER TABLE `suat_chieu`
  ADD CONSTRAINT `fk_suat_phim` FOREIGN KEY (`ma_phim`) REFERENCES `phim` (`ma_phim`) ON DELETE CASCADE,
  ADD CONSTRAINT `fk_suat_phong` FOREIGN KEY (`ma_phong`) REFERENCES `phong_chieu` (`ma_phong`) ON DELETE CASCADE;

--
-- Các ràng buộc cho bảng `ve`
--
ALTER TABLE `ve`
  ADD CONSTRAINT `fk_ve_ghe` FOREIGN KEY (`ma_ghe`) REFERENCES `ghe` (`ma_ghe`),
  ADD CONSTRAINT `fk_ve_hd` FOREIGN KEY (`ma_hd`) REFERENCES `hoa_don` (`ma_hd`) ON DELETE CASCADE,
  ADD CONSTRAINT `fk_ve_suat` FOREIGN KEY (`ma_suat_chieu`) REFERENCES `suat_chieu` (`ma_suat_chieu`) ON DELETE CASCADE;
COMMIT;

/*!40101 SET CHARACTER_SET_CLIENT=@OLD_CHARACTER_SET_CLIENT */;
/*!40101 SET CHARACTER_SET_RESULTS=@OLD_CHARACTER_SET_RESULTS */;
/*!40101 SET COLLATION_CONNECTION=@OLD_COLLATION_CONNECTION */;
